\BOOKMARK [0][-]{chapter*.1}{\376\377\000F\000o\000r\000e\000w\000o\000r\000d}{}% 1
\BOOKMARK [0][-]{chapter*.2}{\376\377\000A\000b\000s\000t\000r\000a\000c\000t}{}% 2
\BOOKMARK [0][-]{chapter*.3}{\376\377\000A\000c\000k\000n\000o\000w\000l\000e\000d\000g\000e\000m\000e\000n\000t\000s}{}% 3
\BOOKMARK [-1][-]{part.1}{\376\377\000I\000\040\000C\000a\000t\000e\000g\000o\000r\000i\000c\000a\000l\000\040\000M\000e\000c\000h\000a\000n\000i\000c\000s}{}% 4
\BOOKMARK [0][-]{chapter.1}{\376\377\000T\000h\000e\000\040\000B\000o\000u\000n\000d\000e\000d\000\040\000P\000h\000a\000s\000e\000\040\000S\000p\000a\000c\000e\000\040\000L\000a\000w}{part.1}% 5
\BOOKMARK [1][-]{section.1.1}{\376\377\000T\000w\000o\000\040\000A\000x\000i\000o\000m\000s}{chapter.1}% 6
\BOOKMARK [1][-]{section.1.2}{\376\377\000T\000h\000e\000\040\000T\000r\000i\000p\000l\000e\000\040\000E\000q\000u\000i\000v\000a\000l\000e\000n\000c\000e\000\040\000T\000h\000e\000o\000r\000e\000m}{chapter.1}% 7
\BOOKMARK [1][-]{section.1.3}{\376\377\000P\000a\000r\000t\000i\000t\000i\000o\000n\000\040\000C\000o\000o\000r\000d\000i\000n\000a\000t\000e\000s\000\040\000a\000n\000d\000\040\000S\000h\000e\000l\000l\000\040\000S\000t\000r\000u\000c\000t\000u\000r\000e}{chapter.1}% 8
\BOOKMARK [1][-]{section.1.4}{\376\377\000P\000a\000r\000t\000i\000t\000i\000o\000n\000\040\000D\000e\000p\000t\000h\000\040\000a\000n\000d\000\040\000I\000t\000s\000\040\000E\000q\000u\000i\000v\000a\000l\000e\000n\000c\000e\000\040\000t\000o\000\040\000E\000n\000t\000r\000o\000p\000y}{chapter.1}% 9
\BOOKMARK [1][-]{section.1.5}{\376\377\000S\000p\000e\000c\000t\000r\000o\000s\000c\000o\000p\000i\000c\000\040\000S\000e\000l\000e\000c\000t\000i\000o\000n\000\040\000R\000u\000l\000e\000s\000\040\000a\000s\000\040\000P\000a\000r\000t\000i\000t\000i\000o\000n\000\040\000A\000d\000j\000a\000c\000e\000n\000c\000y}{chapter.1}% 10
\BOOKMARK [1][-]{section.1.6}{\376\377\000C\000o\000n\000n\000e\000c\000t\000i\000o\000n\000\040\000t\000o\000\040\000t\000h\000e\000\040\000B\000i\000r\000k\000h\000o\000f\000f\040\023\000K\000o\000l\000m\000o\000g\000o\000r\000o\000v\000\040\000F\000r\000a\000m\000e\000w\000o\000r\000k}{chapter.1}% 11
\BOOKMARK [1][-]{section.1.7}{\376\377\000D\000i\000s\000c\000u\000s\000s\000i\000o\000n\000:\000\040\000W\000h\000a\000t\000\040\000T\000h\000i\000s\000\040\000R\000e\000p\000l\000a\000c\000e\000s\000\040\000a\000n\000d\000\040\000W\000h\000y}{chapter.1}% 12
\BOOKMARK [1][-]{section.1.8}{\376\377\000C\000a\000t\000e\000g\000o\000r\000i\000c\000a\000l\000\040\000D\000i\000s\000t\000a\000n\000c\000e\000\040\000a\000n\000d\000\040\000t\000h\000e\000\040\000G\000e\000o\000m\000e\000t\000r\000y\000\040\000o\000f\000\040\000S\000t\000a\000t\000e\000\040\000S\000p\000a\000c\000e}{chapter.1}% 13
\BOOKMARK [1][-]{section.1.9}{\376\377\000E\000x\000i\000s\000t\000e\000n\000c\000e\000\040\000C\000o\000s\000t\000\040\000a\000n\000d\000\040\000L\000a\000n\000d\000a\000u\000e\000r\000'\000s\000\040\000B\000o\000u\000n\000d}{chapter.1}% 14
\BOOKMARK [0][-]{chapter.2}{\376\377\000C\000h\000a\000r\000g\000e\000\040\000a\000s\000\040\000E\000m\000e\000r\000g\000e\000n\000t\000\040\000P\000a\000r\000t\000i\000t\000i\000o\000n\000\040\000B\000o\000u\000n\000d\000a\000r\000y}{part.1}% 15
\BOOKMARK [1][-]{section.2.1}{\376\377\000M\000o\000t\000i\000v\000a\000t\000i\000o\000n\000:\000\040\000C\000h\000a\000r\000g\000e\000\040\000W\000i\000t\000h\000o\000u\000t\000\040\000S\000u\000b\000s\000t\000a\000n\000c\000e}{chapter.2}% 16
\BOOKMARK [1][-]{section.2.2}{\376\377\000T\000h\000e\000\040\000C\000h\000a\000r\000g\000e\000\040\000E\000m\000e\000r\000g\000e\000n\000c\000e\000\040\000T\000h\000e\000o\000r\000e\000m}{chapter.2}% 17
\BOOKMARK [1][-]{section.2.3}{\376\377\000N\000u\000c\000l\000e\000a\000r\000\040\000S\000t\000a\000b\000i\000l\000i\000t\000y\000\040\000W\000i\000t\000h\000o\000u\000t\000\040\000a\000\040\000S\000e\000p\000a\000r\000a\000t\000e\000\040\000S\000t\000r\000o\000n\000g\000\040\000F\000o\000r\000c\000e}{chapter.2}% 18
\BOOKMARK [1][-]{section.2.4}{\376\377\000C\000h\000e\000m\000i\000c\000a\000l\000\040\000B\000o\000n\000d\000s\000\040\000a\000s\000\040\000P\000a\000r\000t\000i\000t\000i\000o\000n\000\040\000C\000o\000m\000p\000l\000e\000t\000i\000o\000n\000s}{chapter.2}% 19
\BOOKMARK [1][-]{section.2.5}{\376\377\000T\000h\000e\000\040\000C\000a\000r\000d\000i\000n\000a\000l\000\040\000M\000a\000p\000\040\000a\000n\000d\000\040\000W\000a\000t\000s\000o\000n\040\023\000C\000r\000i\000c\000k\000\040\000C\000o\000m\000p\000l\000e\000m\000e\000n\000t\000a\000r\000i\000t\000y}{chapter.2}% 20
\BOOKMARK [1][-]{section.2.6}{\376\377\000D\000N\000A\000\040\000C\000a\000p\000a\000c\000i\000t\000a\000n\000c\000e\000\040\000f\000r\000o\000m\000\040\000P\000a\000r\000t\000i\000t\000i\000o\000n\000-\000G\000e\000n\000e\000r\000a\000t\000e\000d\000\040\000C\000h\000a\000r\000g\000e}{chapter.2}% 21
\BOOKMARK [1][-]{section.2.7}{\376\377\000T\000h\000e\000\040\000P\000a\000r\000t\000i\000t\000i\000o\000n\000\040\000T\000i\000m\000e\000\040\000a\000n\000d\000\040\000T\000h\000e\000r\000m\000o\000d\000y\000n\000a\000m\000i\000c\000\040\000I\000r\000r\000e\000v\000e\000r\000s\000i\000b\000i\000l\000i\000t\000y}{chapter.2}% 22
\BOOKMARK [1][-]{section.2.8}{\376\377\000T\000h\000e\000\040\000S\000t\000r\000o\000n\000g\000\040\000F\000o\000r\000c\000e\000\040\000a\000s\000\040\000P\000a\000r\000t\000i\000t\000i\000o\000n\000\040\000D\000e\000p\000t\000h\000\040\000G\000r\000a\000d\000i\000e\000n\000t}{chapter.2}% 23
\BOOKMARK [1][-]{section.2.9}{\376\377\000E\000l\000e\000c\000t\000r\000o\000s\000t\000a\000t\000i\000c\000s\000\040\000a\000s\000\040\000P\000a\000r\000t\000i\000t\000i\000o\000n\000\040\000B\000o\000u\000n\000d\000a\000r\000y\000\040\000E\000n\000e\000r\000g\000y\000\040\000G\000r\000a\000d\000i\000e\000n\000t}{chapter.2}% 24
\BOOKMARK [1][-]{section.2.10}{\376\377\000D\000i\000s\000c\000u\000s\000s\000i\000o\000n\000:\000\040\000A\000\040\000U\000n\000i\000f\000i\000e\000d\000\040\000P\000i\000c\000t\000u\000r\000e}{chapter.2}% 25
\BOOKMARK [1][-]{section.2.11}{\376\377\000T\000h\000e\000\040\000F\000o\000u\000r\000-\000S\000t\000a\000t\000e\000\040\000P\000a\000r\000t\000i\000t\000i\000o\000n\000\040\000S\000y\000s\000t\000e\000m\000:\000\040\000B\000i\000n\000a\000r\000y\000\040\000C\000o\000m\000p\000o\000s\000i\000t\000i\000o\000n}{chapter.2}% 26
\BOOKMARK [1][-]{section.2.12}{\376\377\000C\000h\000a\000r\000g\000e\000\040\000Q\000u\000a\000n\000t\000i\000z\000a\000t\000i\000o\000n\000\040\000f\000r\000o\000m\000\040\000P\000a\000r\000t\000i\000t\000i\000o\000n\000\040\000D\000i\000s\000c\000r\000e\000t\000e\000n\000e\000s\000s}{chapter.2}% 27
\BOOKMARK [1][-]{section.2.13}{\376\377\000W\000a\000t\000s\000o\000n\040\023\000C\000r\000i\000c\000k\000\040\000P\000a\000i\000r\000i\000n\000g\000\040\000a\000s\000\040\000a\000\040\000F\000i\000x\000e\000d\000-\000P\000o\000i\000n\000t\000\040\000T\000h\000e\000o\000r\000e\000m}{chapter.2}% 28
\BOOKMARK [0][-]{chapter.3}{\376\377\000P\000a\000r\000t\000i\000t\000i\000o\000n\000\040\000D\000e\000p\000t\000h\000\040\000a\000n\000d\000\040\000t\000h\000e\000\040\000E\000x\000i\000s\000t\000e\000n\000c\000e\000\040\000C\000o\000s\000t}{part.1}% 29
\BOOKMARK [1][-]{section.3.1}{\376\377\000M\000o\000t\000i\000v\000a\000t\000i\000o\000n\000:\000\040\000D\000e\000p\000t\000h\000\040\000a\000s\000\040\000t\000h\000e\000\040\000P\000r\000i\000m\000a\000r\000y\000\040\000V\000a\000r\000i\000a\000b\000l\000e}{chapter.3}% 30
\BOOKMARK [1][-]{section.3.2}{\376\377\000P\000a\000r\000t\000i\000t\000i\000o\000n\000\040\000D\000e\000p\000t\000h\000:\000\040\000E\000x\000t\000e\000n\000d\000e\000d\000\040\000D\000e\000f\000i\000n\000i\000t\000i\000o\000n}{chapter.3}% 31
\BOOKMARK [1][-]{section.3.3}{\376\377\000T\000h\000e\000\040\000E\000x\000i\000s\000t\000e\000n\000c\000e\000\040\000C\000o\000s\000t\000\040\000T\000h\000e\000o\000r\000e\000m}{chapter.3}% 32
\BOOKMARK [1][-]{section.3.4}{\376\377\000P\000a\000r\000t\000i\000t\000i\000o\000n\000\040\000T\000i\000m\000e\000\040\000a\000n\000d\000\040\000t\000h\000e\000\040\000R\000e\000s\000i\000d\000u\000e\000\040\000P\000r\000i\000n\000c\000i\000p\000l\000e}{chapter.3}% 33
\BOOKMARK [1][-]{section.3.5}{\376\377\000P\000a\000r\000t\000i\000t\000i\000o\000n\000\040\000G\000r\000a\000d\000i\000e\000n\000t\000\040\000F\000l\000o\000w}{chapter.3}% 34
\BOOKMARK [1][-]{section.3.6}{\376\377\000T\000r\000a\000n\000s\000i\000t\000i\000o\000n\000-\000S\000t\000a\000t\000e\000\040\000T\000h\000e\000o\000r\000y\000\040\000f\000r\000o\000m\000\040\000P\000a\000r\000t\000i\000t\000i\000o\000n\000\040\000D\000e\000p\000t\000h}{chapter.3}% 35
\BOOKMARK [1][-]{section.3.7}{\376\377\000T\000h\000e\000\040\000P\000a\000r\000t\000i\000t\000i\000o\000n\000\040\000L\000a\000n\000d\000s\000c\000a\000p\000e}{chapter.3}% 36
\BOOKMARK [1][-]{section.3.8}{\376\377\000C\000a\000t\000a\000l\000y\000s\000i\000s\000\040\000a\000s\000\040\000T\000o\000p\000o\000l\000o\000g\000i\000c\000a\000l\000\040\000A\000m\000e\000n\000d\000m\000e\000n\000t}{chapter.3}% 37
\BOOKMARK [1][-]{section.3.9}{\376\377\000T\000h\000e\000\040\000P\000a\000r\000t\000i\000t\000i\000o\000n\000\040\000L\000a\000n\000d\000s\000c\000a\000p\000e\000\040\000a\000s\000\040\000U\000n\000i\000f\000i\000e\000d\000\040\000F\000r\000a\000m\000e\000w\000o\000r\000k}{chapter.3}% 38
\BOOKMARK [1][-]{section.3.10}{\376\377\000L\000i\000v\000i\000n\000g\000\040\000S\000y\000s\000t\000e\000m\000s\000\040\000a\000s\000\040\000S\000e\000l\000f\000-\000M\000a\000i\000n\000t\000a\000i\000n\000i\000n\000g\000\040\000L\000a\000n\000d\000s\000c\000a\000p\000e\000\040\000R\000e\000g\000i\000o\000n\000s}{chapter.3}% 39
\BOOKMARK [1][-]{section.3.11}{\376\377\000C\000o\000m\000p\000u\000t\000a\000t\000i\000o\000n\000a\000l\000\040\000I\000m\000p\000l\000i\000c\000a\000t\000i\000o\000n\000s\000\040\000o\000f\000\040\000t\000h\000e\000\040\000P\000a\000r\000t\000i\000t\000i\000o\000n\000\040\000L\000a\000n\000d\000s\000c\000a\000p\000e}{chapter.3}% 40
\BOOKMARK [0][-]{chapter.4}{\376\377\000S\000-\000E\000n\000t\000r\000o\000p\000y\000\040\000S\000p\000a\000c\000e\000\040\000a\000n\000d\000\040\000t\000h\000e\000\040\000D\000o\000u\000b\000l\000e\000\040\000R\000e\000c\000u\000r\000s\000i\000o\000n}{part.1}% 41
\BOOKMARK [1][-]{section.4.1}{\376\377\000M\000o\000t\000i\000v\000a\000t\000i\000o\000n\000:\000\040\000A\000\040\000C\000o\000o\000r\000d\000i\000n\000a\000t\000e\000\040\000S\000y\000s\000t\000e\000m\000\040\000f\000o\000r\000\040\000B\000i\000o\000l\000o\000g\000i\000c\000a\000l\000\040\000S\000t\000a\000t\000e\000s}{chapter.4}% 42
\BOOKMARK [1][-]{section.4.2}{\376\377\000D\000e\000f\000i\000n\000i\000t\000i\000o\000n\000\040\000o\000f\000\040\000S\000-\000E\000n\000t\000r\000o\000p\000y\000\040\000S\000p\000a\000c\000e}{chapter.4}% 43
\BOOKMARK [1][-]{section.4.3}{\376\377\000T\000r\000i\000t\000\040\000E\000n\000c\000o\000d\000i\000n\000g\000\040\000a\000n\000d\000\040\000t\000h\000e\000\040\000H\000i\000e\000r\000a\000r\000c\000h\000i\000c\000a\000l\000\040\000P\000a\000r\000t\000i\000t\000i\000o\000n\000\040\000o\000f\000\040\000S\000-\000S\000p\000a\000c\000e}{chapter.4}% 44
\BOOKMARK [1][-]{section.4.4}{\376\377\000N\000u\000c\000l\000e\000o\000t\000i\000d\000e\040\023\000T\000r\000i\000t\000\040\000M\000a\000p\000p\000i\000n\000g}{chapter.4}% 45
\BOOKMARK [1][-]{section.4.5}{\376\377\000T\000h\000e\000\040\000P\000o\000s\000i\000t\000i\000o\000n\040\023\000T\000r\000a\000j\000e\000c\000t\000o\000r\000y\000\040\000D\000u\000a\000l\000i\000t\000y}{chapter.4}% 46
\BOOKMARK [1][-]{section.4.6}{\376\377\000T\000h\000e\000\040\000D\000o\000u\000b\000l\000e\000\040\000R\000e\000c\000u\000r\000s\000i\000o\000n\000\040\000T\000h\000e\000o\000r\000e\000m}{chapter.4}% 47
\BOOKMARK [1][-]{section.4.7}{\376\377\000S\000o\000l\000u\000t\000i\000o\000n\000\040\000P\000r\000e\000-\000E\000x\000i\000s\000t\000e\000n\000c\000e}{chapter.4}% 48
\BOOKMARK [1][-]{section.4.8}{\376\377\000T\000h\000r\000e\000e\000\040\000C\000o\000m\000p\000u\000t\000a\000t\000i\000o\000n\000a\000l\000\040\000P\000r\000i\000m\000i\000t\000i\000v\000e\000s}{chapter.4}% 49
\BOOKMARK [1][-]{section.4.9}{\376\377\000N\000a\000v\000i\000g\000a\000t\000i\000o\000n\000\040\000C\000o\000m\000p\000l\000e\000x\000i\000t\000y}{chapter.4}% 50
\BOOKMARK [1][-]{section.4.10}{\376\377\000T\000h\000e\000\040\000E\000m\000p\000t\000y\000\040\000D\000i\000c\000t\000i\000o\000n\000a\000r\000y\000\040\000P\000r\000i\000n\000c\000i\000p\000l\000e}{chapter.4}% 51
\BOOKMARK [1][-]{section.4.11}{\376\377\000T\000h\000e\000\040\000P\000a\000r\000t\000i\000t\000i\000o\000n\000\040\000S\000y\000n\000t\000h\000e\000s\000i\000s\000\040\000L\000a\000n\000g\000u\000a\000g\000e}{chapter.4}% 52
\BOOKMARK [1][-]{section.4.12}{\376\377\000B\000i\000o\000l\000o\000g\000i\000c\000a\000l\000\040\000P\000r\000o\000c\000e\000s\000s\000e\000s\000\040\000a\000s\000\040\000S\000-\000S\000p\000a\000c\000e\000\040\000N\000a\000v\000i\000g\000a\000t\000i\000o\000n}{chapter.4}% 53
\BOOKMARK [1][-]{section.4.13}{\376\377\000T\000h\000e\000\040\000S\000c\000a\000l\000e\000-\000F\000r\000e\000e\000\040\000N\000a\000t\000u\000r\000e\000\040\000o\000f\000\040\000t\000h\000e\000\040\000F\000r\000a\000m\000e\000w\000o\000r\000k}{chapter.4}% 54
\BOOKMARK [-1][-]{part.2}{\376\377\000I\000I\000\040\000R\000e\000s\000o\000l\000u\000t\000i\000o\000n\000\040\000o\000f\000\040\000F\000o\000u\000n\000d\000a\000t\000i\000o\000n\000a\000l\000\040\000P\000a\000r\000a\000d\000o\000x\000e\000s}{}% 55
\BOOKMARK [0][-]{chapter.5}{\376\377\000M\000a\000x\000w\000e\000l\000l\000'\000s\000\040\000D\000e\000m\000o\000n\000\040\000a\000n\000d\000\040\000P\000h\000a\000s\000e\000-\000L\000o\000c\000k\000\040\000N\000e\000t\000w\000o\000r\000k\000s}{part.2}% 56
\BOOKMARK [1][-]{section.5.1}{\376\377\000H\000i\000s\000t\000o\000r\000i\000c\000a\000l\000\040\000B\000a\000c\000k\000g\000r\000o\000u\000n\000d\000:\000\040\000F\000r\000o\000m\000\040\000M\000a\000x\000w\000e\000l\000l\000\040\000t\000o\000\040\000B\000e\000n\000n\000e\000t\000t}{chapter.5}% 57
\BOOKMARK [2][-]{subsection.5.1.1}{\376\377\000S\000z\000i\000l\000a\000r\000d\000'\000s\000\040\000E\000n\000g\000i\000n\000e}{section.5.1}% 58
\BOOKMARK [2][-]{subsection.5.1.2}{\376\377\000B\000r\000i\000l\000l\000o\000u\000i\000n\000'\000s\000\040\000M\000e\000a\000s\000u\000r\000e\000m\000e\000n\000t\000\040\000C\000o\000s\000t}{section.5.1}% 59
\BOOKMARK [2][-]{subsection.5.1.3}{\376\377\000L\000a\000n\000d\000a\000u\000e\000r\000'\000s\000\040\000E\000r\000a\000s\000u\000r\000e\000\040\000P\000r\000i\000n\000c\000i\000p\000l\000e}{section.5.1}% 60
\BOOKMARK [2][-]{subsection.5.1.4}{\376\377\000B\000e\000n\000n\000e\000t\000t\000'\000s\000\040\000M\000e\000m\000o\000r\000y\000\040\000A\000r\000g\000u\000m\000e\000n\000t}{section.5.1}% 61
\BOOKMARK [2][-]{subsection.5.1.5}{\376\377\000W\000h\000a\000t\000\040\000t\000h\000e\000\040\000S\000t\000a\000n\000d\000a\000r\000d\000\040\000R\000e\000s\000o\000l\000u\000t\000i\000o\000n\000\040\000A\000c\000c\000e\000p\000t\000s\000\040\000U\000n\000c\000r\000i\000t\000i\000c\000a\000l\000l\000y}{section.5.1}% 62
\BOOKMARK [1][-]{section.5.2}{\376\377\000T\000h\000e\000\040\000P\000h\000a\000s\000e\000-\000L\000o\000c\000k\000\040\000N\000e\000t\000w\000o\000r\000k}{chapter.5}% 63
\BOOKMARK [1][-]{section.5.3}{\376\377\000E\000l\000e\000v\000e\000n\000\040\000I\000n\000d\000e\000p\000e\000n\000d\000e\000n\000t\000\040\000P\000r\000o\000o\000f\000s\000\040\000o\000f\000\040\000t\000h\000e\000\040\000D\000e\000m\000o\000n\000'\000s\000\040\000D\000e\000f\000e\000a\000t}{chapter.5}% 64
\BOOKMARK [2][-]{subsection.5.3.1}{\376\377\000R\000e\000s\000u\000l\000t\000\040\0001\000:\000\040\000T\000e\000m\000p\000o\000r\000a\000l\000\040\000T\000r\000i\000v\000i\000a\000l\000i\000t\000y}{section.5.3}% 65
\BOOKMARK [2][-]{subsection.5.3.2}{\376\377\000R\000e\000s\000u\000l\000t\000\040\0002\000:\000\040\000P\000h\000a\000s\000e\000-\000L\000o\000c\000k\000\040\000T\000e\000m\000p\000e\000r\000a\000t\000u\000r\000e\000\040\000I\000n\000d\000e\000p\000e\000n\000d\000e\000n\000c\000e}{section.5.3}% 66
\BOOKMARK [2][-]{subsection.5.3.3}{\376\377\000R\000e\000s\000u\000l\000t\000\040\0003\000:\000\040\000R\000e\000t\000r\000i\000e\000v\000a\000l\000\040\000P\000a\000r\000a\000d\000o\000x}{section.5.3}% 67
\BOOKMARK [2][-]{subsection.5.3.4}{\376\377\000R\000e\000s\000u\000l\000t\000\040\0004\000:\000\040\000P\000h\000a\000s\000e\000-\000L\000o\000c\000k\000\040\000K\000i\000n\000e\000t\000i\000c\000\040\000I\000n\000d\000e\000p\000e\000n\000d\000e\000n\000c\000e\000\040\000\050\000F\000o\000r\000m\000a\000l\000\051}{section.5.3}% 68
\BOOKMARK [2][-]{subsection.5.3.5}{\376\377\000R\000e\000s\000u\000l\000t\000\040\0005\000:\000\040\000C\000a\000t\000e\000g\000o\000r\000i\000c\000a\000l\000-\000P\000h\000y\000s\000i\000c\000a\000l\000\040\000D\000i\000s\000t\000a\000n\000c\000e\000\040\000N\000o\000n\000-\000E\000q\000u\000i\000v\000a\000l\000e\000n\000c\000e}{section.5.3}% 69
\BOOKMARK [2][-]{subsection.5.3.6}{\376\377\000R\000e\000s\000u\000l\000t\000\040\0006\000:\000\040\000T\000e\000m\000p\000e\000r\000a\000t\000u\000r\000e\000\040\000a\000s\000\040\000E\000m\000e\000r\000g\000e\000n\000t\000\040\000S\000t\000a\000t\000i\000s\000t\000i\000c\000a\000l\000\040\000O\000b\000s\000e\000r\000v\000a\000b\000l\000e}{section.5.3}% 70
\BOOKMARK [2][-]{subsection.5.3.7}{\376\377\000R\000e\000s\000u\000l\000t\000\040\0007\000:\000\040\000I\000n\000f\000o\000r\000m\000a\000t\000i\000o\000n\000\040\000C\000o\000m\000p\000l\000e\000m\000e\000n\000t\000a\000r\000i\000t\000y}{section.5.3}% 71
\BOOKMARK [2][-]{subsection.5.3.8}{\376\377\000R\000e\000s\000u\000l\000t\000\040\0008\000:\000\040\000S\000y\000m\000m\000e\000t\000r\000i\000c\000\040\000E\000n\000t\000r\000o\000p\000y\000\040\000I\000n\000c\000r\000e\000a\000s\000e}{section.5.3}% 72
\BOOKMARK [2][-]{subsection.5.3.9}{\376\377\000R\000e\000s\000u\000l\000t\000\040\0009\000:\000\040\000H\000e\000a\000t\000-\000E\000n\000t\000r\000o\000p\000y\000\040\000D\000e\000c\000o\000u\000p\000l\000i\000n\000g}{section.5.3}% 73
\BOOKMARK [2][-]{subsection.5.3.10}{\376\377\000R\000e\000s\000u\000l\000t\000\040\0001\0000\000:\000\040\000V\000e\000l\000o\000c\000i\000t\000y\000-\000T\000e\000m\000p\000e\000r\000a\000t\000u\000r\000e\000\040\000N\000o\000n\000-\000C\000o\000r\000r\000e\000s\000p\000o\000n\000d\000e\000n\000c\000e}{section.5.3}% 74
\BOOKMARK [2][-]{subsection.5.3.11}{\376\377\000R\000e\000s\000u\000l\000t\000\040\0001\0001\000:\000\040\000V\000e\000l\000o\000c\000i\000t\000y\000-\000E\000n\000t\000r\000o\000p\000y\000\040\000I\000n\000d\000e\000p\000e\000n\000d\000e\000n\000c\000e}{section.5.3}% 75
\BOOKMARK [1][-]{section.5.4}{\376\377\000C\000o\000n\000n\000e\000c\000t\000i\000o\000n\000\040\000t\000o\000\040\000C\000a\000t\000e\000g\000o\000r\000i\000c\000a\000l\000\040\000M\000e\000c\000h\000a\000n\000i\000c\000s}{chapter.5}% 76
\BOOKMARK [1][-]{section.5.5}{\376\377\000S\000-\000E\000n\000t\000r\000o\000p\000y\000\040\000C\000o\000o\000r\000d\000i\000n\000a\000t\000e\000s\000\040\000f\000o\000r\000\040\000G\000a\000s\000\040\000C\000o\000n\000f\000i\000g\000u\000r\000a\000t\000i\000o\000n\000s}{chapter.5}% 77
\BOOKMARK [1][-]{section.5.6}{\376\377\000T\000h\000e\000\040\000E\000n\000t\000r\000o\000p\000y\000\040\000B\000a\000l\000a\000n\000c\000e\000:\000\040\000A\000\040\000C\000o\000m\000p\000l\000e\000t\000e\000\040\000A\000c\000c\000o\000u\000n\000t\000i\000n\000g}{chapter.5}% 78
\BOOKMARK [1][-]{section.5.7}{\376\377\000C\000a\000t\000e\000g\000o\000r\000i\000c\000a\000l\000-\000K\000i\000n\000e\000t\000i\000c\000\040\000O\000r\000t\000h\000o\000g\000o\000n\000a\000l\000i\000t\000y\000:\000\040\000T\000h\000e\000\040\000C\000e\000n\000t\000r\000a\000l\000\040\000T\000h\000e\000o\000r\000e\000m}{chapter.5}% 79
\BOOKMARK [1][-]{section.5.8}{\376\377\000C\000a\000t\000e\000g\000o\000r\000i\000c\000a\000l\000\040\000M\000e\000a\000s\000u\000r\000e\000m\000e\000n\000t\000\040\000a\000n\000d\000\040\000B\000a\000c\000k\000a\000c\000t\000i\000o\000n\000\040\000R\000e\000d\000u\000c\000t\000i\000o\000n}{chapter.5}% 80
\BOOKMARK [1][-]{section.5.9}{\376\377\000S\000u\000m\000m\000a\000r\000y\000\040\000a\000n\000d\000\040\000B\000r\000o\000a\000d\000e\000r\000\040\000I\000m\000p\000l\000i\000c\000a\000t\000i\000o\000n\000s}{chapter.5}% 81
\BOOKMARK [0][-]{chapter.6}{\376\377\000O\000r\000g\000e\000l\000'\000s\000\040\000P\000a\000r\000a\000d\000o\000x\000\040\000a\000n\000d\000\040\000t\000h\000e\000\040\000T\000h\000e\000r\000m\000o\000d\000y\000n\000a\000m\000i\000c\000\040\000I\000n\000e\000v\000i\000t\000a\000b\000i\000l\000i\000t\000y\000\040\000o\000f\000\040\000L\000i\000f\000e}{part.2}% 82
\BOOKMARK [1][-]{section.6.1}{\376\377\000T\000h\000e\000\040\000P\000a\000r\000a\000d\000o\000x\000:\000\040\000A\000\040\000G\000e\000n\000u\000i\000n\000e\000\040\000I\000m\000p\000o\000s\000s\000i\000b\000i\000l\000i\000t\000y}{chapter.6}% 83
\BOOKMARK [2][-]{subsection.6.1.1}{\376\377\000T\000h\000e\000\040\000T\000h\000r\000e\000e\000\040\000S\000t\000a\000n\000d\000a\000r\000d\000\040\000E\000s\000c\000a\000p\000e\000\040\000A\000t\000t\000e\000m\000p\000t\000s\000\040\000a\000n\000d\000\040\000T\000h\000e\000i\000r\000\040\000F\000a\000i\000l\000u\000r\000e\000s}{section.6.1}% 84
\BOOKMARK [2][-]{subsection.6.1.2}{\376\377\000T\000h\000e\000\040\000C\000o\000m\000m\000o\000n\000\040\000S\000t\000r\000u\000c\000t\000u\000r\000a\000l\000\040\000F\000a\000i\000l\000u\000r\000e}{section.6.1}% 85
\BOOKMARK [1][-]{section.6.2}{\376\377\000P\000a\000r\000t\000i\000t\000i\000o\000n\000\040\000O\000p\000e\000r\000a\000t\000i\000o\000n\000s\000\040\000a\000s\000\040\000P\000r\000e\000-\000B\000i\000o\000c\000h\000e\000m\000i\000c\000a\000l\000\040\000P\000h\000e\000n\000o\000m\000e\000n\000a}{chapter.6}% 86
\BOOKMARK [1][-]{section.6.3}{\376\377\000T\000h\000e\000o\000r\000e\000m\000:\000\040\000T\000h\000e\000r\000m\000o\000d\000y\000n\000a\000m\000i\000c\000\040\000I\000n\000e\000v\000i\000t\000a\000b\000i\000l\000i\000t\000y\000\040\000o\000f\000\040\000P\000a\000r\000t\000i\000t\000i\000o\000n\000\040\000O\000p\000e\000r\000a\000t\000i\000o\000n\000s}{chapter.6}% 87
\BOOKMARK [1][-]{section.6.4}{\376\377\000T\000h\000e\000o\000r\000e\000m\000:\000\040\000P\000r\000o\000b\000a\000b\000i\000l\000i\000t\000y\000\040\000S\000e\000p\000a\000r\000a\000t\000i\000o\000n}{chapter.6}% 88
\BOOKMARK [1][-]{section.6.5}{\376\377\000T\000h\000e\000o\000r\000e\000m\000:\000\040\000P\000a\000r\000t\000i\000t\000i\000o\000n\000\040\000A\000u\000t\000o\000c\000a\000t\000a\000l\000y\000s\000i\000s}{chapter.6}% 89
\BOOKMARK [1][-]{section.6.6}{\376\377\000T\000h\000e\000o\000r\000e\000m\000:\000\040\000C\000h\000i\000r\000a\000l\000i\000t\000y\000\040\000S\000e\000l\000e\000c\000t\000i\000o\000n}{chapter.6}% 90
\BOOKMARK [1][-]{section.6.7}{\376\377\000P\000r\000e\000b\000i\000o\000t\000i\000c\000\040\000C\000h\000e\000m\000i\000s\000t\000r\000y\000\040\000a\000t\000\040\000L\000o\000w\000\040\000T\000e\000m\000p\000e\000r\000a\000t\000u\000r\000e}{chapter.6}% 91
\BOOKMARK [1][-]{section.6.8}{\376\377\000M\000e\000m\000b\000r\000a\000n\000e\000s\000\040\000a\000s\000\040\000P\000a\000r\000t\000i\000t\000i\000o\000n\000\040\000S\000c\000a\000f\000f\000o\000l\000d\000i\000n\000g}{chapter.6}% 92
\BOOKMARK [1][-]{section.6.9}{\376\377\000R\000e\000s\000o\000l\000u\000t\000i\000o\000n\000\040\000o\000f\000\040\000O\000r\000g\000e\000l\000'\000s\000\040\000P\000a\000r\000a\000d\000o\000x}{chapter.6}% 93
\BOOKMARK [1][-]{section.6.10}{\376\377\000A\000\040\000Q\000u\000a\000n\000t\000i\000t\000a\000t\000i\000v\000e\000\040\000T\000i\000m\000e\000l\000i\000n\000e\000\040\000o\000f\000\040\000E\000a\000r\000l\000y\000\040\000E\000a\000r\000t\000h}{chapter.6}% 94
\BOOKMARK [1][-]{section.6.11}{\376\377\000S\000y\000n\000t\000h\000e\000s\000i\000s\000:\000\040\000I\000n\000f\000o\000r\000m\000a\000t\000i\000o\000n\000,\000\040\000C\000a\000t\000a\000l\000y\000s\000i\000s\000,\000\040\000a\000n\000d\000\040\000M\000e\000t\000a\000b\000o\000l\000i\000s\000m\000\040\000a\000s\000\040\000P\000a\000r\000t\000i\000t\000i\000o\000n\000\040\000T\000r\000i\000a\000d}{chapter.6}% 95
\BOOKMARK [1][-]{section.6.12}{\376\377\000C\000o\000n\000n\000e\000c\000t\000i\000o\000n\000\040\000t\000o\000\040\000t\000h\000e\000\040\000P\000a\000r\000a\000d\000o\000x\000\040\000R\000e\000s\000o\000l\000u\000t\000i\000o\000n\000\040\000P\000r\000o\000g\000r\000a\000m\000m\000e}{chapter.6}% 96
\BOOKMARK [0][-]{chapter.7}{\376\377\000W\000h\000a\000t\000\040\000I\000s\000\040\000L\000i\000f\000e\000?\000\040\000T\000h\000e\000\040\000C\000a\000t\000e\000g\000o\000r\000i\000c\000a\000l\000\040\000C\000o\000m\000p\000l\000e\000t\000i\000o\000n\000\040\000T\000h\000r\000e\000s\000h\000o\000l\000d}{part.2}% 97
\BOOKMARK [1][-]{section.7.1}{\376\377\000T\000h\000e\000\040\000F\000a\000i\000l\000u\000r\000e\000\040\000o\000f\000\040\000T\000r\000a\000d\000i\000t\000i\000o\000n\000a\000l\000\040\000D\000e\000f\000i\000n\000i\000t\000i\000o\000n\000s}{chapter.7}% 98
\BOOKMARK [2][-]{subsection.7.1.1}{\376\377\000T\000h\000e\000\040\000M\000e\000t\000a\000b\000o\000l\000i\000s\000m\000\040\000C\000r\000i\000t\000e\000r\000i\000o\000n}{section.7.1}% 99
\BOOKMARK [2][-]{subsection.7.1.2}{\376\377\000T\000h\000e\000\040\000R\000e\000p\000r\000o\000d\000u\000c\000t\000i\000o\000n\000\040\000C\000r\000i\000t\000e\000r\000i\000o\000n}{section.7.1}% 100
\BOOKMARK [2][-]{subsection.7.1.3}{\376\377\000T\000h\000e\000\040\000H\000o\000m\000e\000o\000s\000t\000a\000s\000i\000s\000,\000\040\000E\000v\000o\000l\000u\000t\000i\000o\000n\000,\000\040\000a\000n\000d\000\040\000C\000o\000m\000p\000l\000e\000x\000i\000t\000y\000\040\000C\000r\000i\000t\000e\000r\000i\000a}{section.7.1}% 101
\BOOKMARK [1][-]{section.7.2}{\376\377\000C\000a\000t\000e\000g\000o\000r\000i\000c\000a\000l\000\040\000D\000e\000p\000t\000h\000\040\000a\000n\000d\000\040\000H\000i\000e\000r\000a\000r\000c\000h\000i\000c\000a\000l\000\040\000C\000o\000m\000p\000l\000e\000t\000i\000o\000n}{chapter.7}% 102
\BOOKMARK [1][-]{section.7.3}{\376\377\000T\000h\000e\000\040\000C\000a\000t\000e\000g\000o\000r\000i\000c\000a\000l\000\040\000C\000o\000m\000p\000l\000e\000t\000i\000o\000n\000\040\000T\000h\000r\000e\000s\000h\000o\000l\000d\000\040\000T\000h\000e\000o\000r\000e\000m}{chapter.7}% 103
\BOOKMARK [1][-]{section.7.4}{\376\377\000T\000h\000e\000\040\000D\000-\000L\000a\000d\000d\000e\000r\000:\000\040\000A\000\040\000C\000l\000a\000s\000s\000i\000f\000i\000c\000a\000t\000i\000o\000n\000\040\000o\000f\000\040\000A\000l\000l\000\040\000K\000n\000o\000w\000n\000\040\000S\000y\000s\000t\000e\000m\000s}{chapter.7}% 104
\BOOKMARK [2][-]{subsection.7.4.1}{\376\377\000D\000\040\000=\000\040\0000\000:\000\040\000P\000u\000r\000e\000\040\000C\000h\000e\000m\000i\000s\000t\000r\000y}{section.7.4}% 105
\BOOKMARK [2][-]{subsection.7.4.2}{\376\377\000D\000\040\000=\000\040\0001\000:\000\040\000S\000i\000m\000p\000l\000e\000\040\000V\000i\000r\000u\000s\000e\000s}{section.7.4}% 106
\BOOKMARK [2][-]{subsection.7.4.3}{\376\377\000D\000\040\000=\000\040\0002\000:\000\040\000C\000o\000m\000p\000l\000e\000x\000\040\000V\000i\000r\000u\000s\000e\000s}{section.7.4}% 107
\BOOKMARK [2][-]{subsection.7.4.4}{\376\377\000D\000\040\000=\000\040\0003\000:\000\040\000M\000i\000n\000i\000m\000a\000l\000\040\000L\000i\000f\000e\000\040\040\024\000\040\000T\000h\000e\000\040\000M\000y\000c\000o\000p\000l\000a\000s\000m\000a\000\040\000T\000h\000r\000e\000s\000h\000o\000l\000d}{section.7.4}% 108
\BOOKMARK [2][-]{subsection.7.4.5}{\376\377\000D\000\040\000=\000\040\0004\000:\000\040\000B\000a\000c\000t\000e\000r\000i\000a\000\040\000a\000n\000d\000\040\000A\000r\000c\000h\000a\000e\000a}{section.7.4}% 109
\BOOKMARK [2][-]{subsection.7.4.6}{\376\377\000D\000\040\000=\000\040\0005\000:\000\040\000S\000i\000m\000p\000l\000e\000\040\000E\000u\000k\000a\000r\000y\000o\000t\000e\000s}{section.7.4}% 110
\BOOKMARK [2][-]{subsection.7.4.7}{\376\377\000D\000\040\000=\000\040\0006\000:\000\040\000B\000i\000r\000d\000s\000\040\000a\000n\000d\000\040\000R\000e\000p\000t\000i\000l\000e\000s}{section.7.4}% 111
\BOOKMARK [2][-]{subsection.7.4.8}{\376\377\000D\000\040\000=\000\040\0007\000:\000\040\000M\000a\000m\000m\000a\000l\000s\000\040\000a\000n\000d\000\040\000H\000u\000m\000a\000n\000s}{section.7.4}% 112
\BOOKMARK [1][-]{section.7.5}{\376\377\000T\000h\000e\000\040\000V\000i\000r\000u\000s\000\040\000P\000a\000r\000a\000d\000o\000x\000\040\000R\000e\000s\000o\000l\000v\000e\000d}{chapter.7}% 113
\BOOKMARK [2][-]{subsection.7.5.1}{\376\377\000Q\000u\000a\000n\000t\000i\000t\000a\000t\000i\000v\000e\000\040\000V\000a\000l\000i\000d\000a\000t\000i\000o\000n}{section.7.5}% 114
\BOOKMARK [2][-]{subsection.7.5.2}{\376\377\000W\000h\000y\000\040\000V\000i\000r\000a\000l\000\040\000P\000r\000o\000t\000e\000i\000n\000s\000\040\000E\000v\000a\000d\000e\000\040\000I\000m\000m\000u\000n\000i\000t\000y}{section.7.5}% 115
\BOOKMARK [1][-]{section.7.6}{\376\377\000T\000h\000e\000\040\000A\000s\000y\000m\000m\000e\000t\000r\000y\000\040\000T\000h\000e\000o\000r\000e\000m\000\040\000a\000n\000d\000\040\000P\000r\000o\000c\000e\000s\000s\000\040\000D\000i\000r\000e\000c\000t\000i\000o\000n}{chapter.7}% 116
\BOOKMARK [1][-]{section.7.7}{\376\377\000R\000e\000s\000o\000l\000v\000i\000n\000g\000\040\000t\000h\000e\000\040\000E\000d\000g\000e\000\040\000C\000a\000s\000e\000s}{chapter.7}% 117
\BOOKMARK [2][-]{subsection.7.7.1}{\376\377\000S\000e\000e\000d\000s\000:\000\040\000D\000o\000r\000m\000a\000n\000t\000\040\000L\000i\000f\000e\000\040\000a\000t\000\040\000D\000\040\000=\000\040\0003}{section.7.7}% 118
\BOOKMARK [2][-]{subsection.7.7.2}{\376\377\000M\000u\000l\000e\000s\000:\000\040\000L\000i\000f\000e\000\040\000W\000i\000t\000h\000o\000u\000t\000\040\000R\000e\000p\000r\000o\000d\000u\000c\000t\000i\000o\000n\000\040\000a\000t\000\040\000D\000\040\000=\000\040\0004}{section.7.7}% 119
\BOOKMARK [2][-]{subsection.7.7.3}{\376\377\000V\000i\000r\000u\000s\000e\000s\000:\000\040\000H\000i\000g\000h\000\040\000R\000i\000c\000h\000n\000e\000s\000s\000,\000\040\000L\000o\000w\000\040\000D\000e\000p\000t\000h}{section.7.7}% 120
\BOOKMARK [2][-]{subsection.7.7.4}{\376\377\000P\000r\000i\000o\000n\000s\000:\000\040\000D\000\040\000=\000\040\0000\000,\000\040\000N\000o\000t\000\040\000A\000l\000i\000v\000e}{section.7.7}% 121
\BOOKMARK [2][-]{subsection.7.7.5}{\376\377\000S\000y\000n\000t\000h\000e\000t\000i\000c\000\040\000C\000e\000l\000l\000s\000:\000\040\000T\000h\000e\000\040\000D\000\040\000=\000\040\0003\000\040\000R\000e\000q\000u\000i\000r\000e\000m\000e\000n\000t}{section.7.7}% 122
\BOOKMARK [1][-]{section.7.8}{\376\377\000F\000a\000l\000s\000i\000f\000i\000a\000b\000l\000e\000\040\000P\000r\000e\000d\000i\000c\000t\000i\000o\000n\000s}{chapter.7}% 123
\BOOKMARK [1][-]{section.7.9}{\376\377\000C\000o\000n\000n\000e\000c\000t\000i\000o\000n\000\040\000t\000o\000\040\000t\000h\000e\000\040\000B\000o\000u\000n\000d\000e\000d\000\040\000P\000h\000a\000s\000e\000\040\000S\000p\000a\000c\000e\000\040\000L\000a\000w}{chapter.7}% 124
\BOOKMARK [1][-]{section.7.10}{\376\377\000S\000u\000m\000m\000a\000r\000y}{chapter.7}% 125
\BOOKMARK [0][-]{chapter.8}{\376\377\000P\000e\000t\000o\000'\000s\000\040\000P\000a\000r\000a\000d\000o\000x\000\040\000a\000n\000d\000\040\000E\000x\000p\000o\000n\000e\000n\000t\000i\000a\000l\000\040\000C\000a\000n\000c\000e\000r\000\040\000S\000u\000p\000p\000r\000e\000s\000s\000i\000o\000n}{part.2}% 126
\BOOKMARK [1][-]{section.8.1}{\376\377\000P\000e\000t\000o\000'\000s\000\040\000P\000a\000r\000a\000d\000o\000x\000:\000\040\000S\000t\000a\000t\000e\000m\000e\000n\000t\000\040\000a\000n\000d\000\040\000S\000i\000g\000n\000i\000f\000i\000c\000a\000n\000c\000e}{chapter.8}% 127
\BOOKMARK [1][-]{section.8.2}{\376\377\000F\000r\000a\000m\000e\000w\000o\000r\000k\000:\000\040\000N\000\040\000C\000o\000u\000p\000l\000e\000d\000\040\000O\000s\000c\000i\000l\000l\000a\000t\000o\000r\000s\000\040\000i\000n\000\040\000C\000o\000n\000f\000i\000g\000u\000r\000a\000t\000i\000o\000n\000\040\000S\000p\000a\000c\000e}{chapter.8}% 128
\BOOKMARK [1][-]{section.8.3}{\376\377\000T\000h\000e\000o\000r\000e\000m\000:\000\040\000C\000o\000n\000f\000i\000g\000u\000r\000a\000t\000i\000o\000n\000\040\000S\000p\000a\000c\000e\000\040\000S\000u\000p\000p\000r\000e\000s\000s\000i\000o\000n}{chapter.8}% 129
\BOOKMARK [1][-]{section.8.4}{\376\377\000T\000h\000e\000o\000r\000e\000m\000:\000\040\000S\000p\000a\000t\000i\000a\000l\000\040\000D\000e\000c\000o\000r\000r\000e\000l\000a\000t\000i\000o\000n}{chapter.8}% 130
\BOOKMARK [1][-]{section.8.5}{\376\377\000T\000h\000e\000o\000r\000e\000m\000:\000\040\000C\000r\000i\000t\000i\000c\000a\000l\000\040\000T\000i\000m\000e\000s\000c\000a\000l\000e\000\040\000S\000c\000a\000l\000i\000n\000g}{chapter.8}% 131
\BOOKMARK [1][-]{section.8.6}{\376\377\000T\000h\000e\000o\000r\000e\000m\000:\000\040\000E\000r\000r\000o\000r\000\040\000P\000r\000o\000p\000a\000g\000a\000t\000i\000o\000n\000\040\000R\000a\000t\000e\000\040\000I\000n\000d\000e\000p\000e\000n\000d\000e\000n\000c\000e\000\040\000o\000f\000\040\000N}{chapter.8}% 132
\BOOKMARK [1][-]{section.8.7}{\376\377\000Q\000u\000a\000n\000t\000i\000t\000a\000t\000i\000v\000e\000\040\000V\000a\000l\000i\000d\000a\000t\000i\000o\000n\000\040\000A\000c\000r\000o\000s\000s\000\040\000S\000p\000e\000c\000i\000e\000s}{chapter.8}% 133
\BOOKMARK [1][-]{section.8.8}{\376\377\000T\000h\000e\000\040\000T\000w\000o\000\040\000V\000a\000l\000i\000d\000a\000t\000e\000d\000\040\000P\000r\000e\000d\000i\000c\000t\000i\000o\000n\000s}{chapter.8}% 134
\BOOKMARK [2][-]{subsection.8.8.1}{\376\377\000N\000a\000k\000e\000d\000\040\000M\000o\000l\000e\000\040\000R\000a\000t\000:\000\040\000P\000c\000a\000n\000c\000e\000r\000\040\000<\000\040\0001\000\045}{section.8.8}% 135
\BOOKMARK [2][-]{subsection.8.8.2}{\376\377\000T\000r\000e\000e\000s\000:\000\040\000E\000s\000s\000e\000n\000t\000i\000a\000l\000l\000y\000\040\000Z\000e\000r\000o\000\040\000C\000a\000n\000c\000e\000r}{section.8.8}% 136
\BOOKMARK [1][-]{section.8.9}{\376\377\000S\000e\000c\000o\000n\000d\000a\000r\000y\000\040\000S\000u\000p\000p\000r\000e\000s\000s\000i\000o\000n\000:\000\040\000D\000N\000A\000\040\000C\000a\000p\000a\000c\000i\000t\000a\000n\000c\000e\000\040\000S\000c\000a\000l\000i\000n\000g}{chapter.8}% 137
\BOOKMARK [1][-]{section.8.10}{\376\377\000K\000l\000e\000i\000b\000e\000r\000'\000s\000\040\000L\000a\000w\000\040\000a\000s\000\040\000a\000\040\000P\000a\000r\000t\000i\000t\000i\000o\000n\000-\000T\000h\000e\000o\000r\000y\000\040\000C\000o\000n\000s\000e\000q\000u\000e\000n\000c\000e}{chapter.8}% 138
\BOOKMARK [1][-]{section.8.11}{\376\377\000R\000e\000s\000o\000l\000u\000t\000i\000o\000n\000\040\000a\000n\000d\000\040\000B\000r\000o\000a\000d\000e\000r\000\040\000I\000m\000p\000l\000i\000c\000a\000t\000i\000o\000n\000s}{chapter.8}% 139
\BOOKMARK [-1][-]{part.3}{\376\377\000I\000I\000I\000\040\000C\000a\000t\000a\000l\000y\000s\000i\000s\000\040\000a\000n\000d\000\040\000M\000e\000t\000a\000b\000o\000l\000i\000s\000m}{}% 140
\BOOKMARK [0][-]{chapter.9}{\376\377\000E\000n\000z\000y\000m\000e\000s\000\040\000a\000s\000\040\000P\000a\000r\000t\000i\000t\000i\000o\000n\000\040\000T\000o\000p\000o\000l\000o\000g\000y}{part.3}% 141
\BOOKMARK [1][-]{section.9.1}{\376\377\000T\000h\000e\000\040\000T\000r\000a\000d\000i\000t\000i\000o\000n\000a\000l\000\040\000V\000i\000e\000w\000\040\000a\000n\000d\000\040\000I\000t\000s\000\040\000L\000i\000m\000i\000t\000a\000t\000i\000o\000n}{chapter.9}% 142
\BOOKMARK [1][-]{section.9.2}{\376\377\000T\000h\000e\000\040\000B\000a\000l\000l\000\040\000G\000a\000m\000e\000\040\000A\000n\000a\000l\000o\000g\000y}{chapter.9}% 143
\BOOKMARK [1][-]{section.9.3}{\376\377\000C\000a\000t\000e\000g\000o\000r\000i\000c\000a\000l\000\040\000D\000i\000s\000t\000a\000n\000c\000e\000\040\000a\000n\000d\000\040\000P\000a\000r\000t\000i\000t\000i\000o\000n\000\040\000P\000a\000t\000h\000\040\000L\000e\000n\000g\000t\000h}{chapter.9}% 144
\BOOKMARK [1][-]{section.9.4}{\376\377\000T\000r\000a\000n\000s\000i\000t\000i\000o\000n\000\040\000R\000a\000t\000e\000\040\000T\000h\000e\000o\000r\000e\000m\000\040\000a\000n\000d\000\040\000t\000h\000e\000\040\000A\000r\000r\000h\000e\000n\000i\000u\000s\000\040\000E\000q\000u\000a\000t\000i\000o\000n}{chapter.9}% 145
\BOOKMARK [1][-]{section.9.5}{\376\377\000P\000a\000r\000t\000i\000t\000i\000o\000n\000\040\000E\000q\000u\000i\000l\000i\000b\000r\000i\000u\000m\000:\000\040\000W\000h\000y\000\040\000E\000n\000z\000y\000m\000e\000s\000\040\000C\000a\000n\000n\000o\000t\000\040\000C\000h\000a\000n\000g\000e\000\040\000K\000e\000q}{chapter.9}% 146
\BOOKMARK [1][-]{section.9.6}{\376\377\000E\000n\000z\000y\000m\000e\000\040\000R\000a\000t\000e\000\040\000E\000n\000h\000a\000n\000c\000e\000m\000e\000n\000t\000\040\000a\000s\000\040\000T\000o\000p\000o\000l\000o\000g\000y\000\040\000M\000o\000d\000i\000f\000i\000c\000a\000t\000i\000o\000n}{chapter.9}% 147
\BOOKMARK [1][-]{section.9.7}{\376\377\000S\000p\000e\000c\000i\000f\000i\000c\000i\000t\000y\000\040\000a\000s\000\040\000T\000o\000p\000o\000l\000o\000g\000i\000c\000a\000l\000\040\000I\000s\000o\000m\000o\000r\000p\000h\000i\000s\000m}{chapter.9}% 148
\BOOKMARK [1][-]{section.9.8}{\376\377\000T\000r\000a\000n\000s\000i\000t\000i\000o\000n\000\040\000S\000t\000a\000t\000e\000\040\000T\000h\000e\000o\000r\000y\000\040\000f\000r\000o\000m\000\040\000t\000h\000e\000\040\000P\000a\000r\000t\000i\000t\000i\000o\000n\000\040\000P\000e\000r\000s\000p\000e\000c\000t\000i\000v\000e}{chapter.9}% 149
\BOOKMARK [1][-]{section.9.9}{\376\377\000M\000i\000c\000h\000a\000e\000l\000i\000s\040\023\000M\000e\000n\000t\000e\000n\000\040\000K\000i\000n\000e\000t\000i\000c\000s\000\040\000f\000r\000o\000m\000\040\000P\000a\000r\000t\000i\000t\000i\000o\000n\000\040\000S\000a\000t\000u\000r\000a\000t\000i\000o\000n}{chapter.9}% 150
\BOOKMARK [2][-]{subsection.9.9.1}{\376\377\000T\000h\000e\000\040\000P\000a\000r\000t\000i\000t\000i\000o\000n\000\040\000S\000a\000t\000u\000r\000a\000t\000i\000o\000n\000\040\000P\000i\000c\000t\000u\000r\000e}{section.9.9}% 151
\BOOKMARK [2][-]{subsection.9.9.2}{\376\377\000P\000a\000r\000t\000i\000t\000i\000o\000n\000\040\000I\000n\000t\000e\000r\000p\000r\000e\000t\000a\000t\000i\000o\000n\000\040\000o\000f\000\040\000k\000c\000a\000t\000\040\000a\000n\000d\000\040\000K\000M}{section.9.9}% 152
\BOOKMARK [2][-]{subsection.9.9.3}{\376\377\000T\000h\000e\000\040\000D\000i\000f\000f\000u\000s\000i\000o\000n\000\040\000L\000i\000m\000i\000t}{section.9.9}% 153
\BOOKMARK [1][-]{section.9.10}{\376\377\000M\000u\000l\000t\000i\000-\000S\000u\000b\000s\000t\000r\000a\000t\000e\000\040\000R\000e\000a\000c\000t\000i\000o\000n\000s\000\040\000a\000s\000\040\000M\000u\000l\000t\000i\000-\000D\000i\000m\000e\000n\000s\000i\000o\000n\000a\000l\000\040\000P\000a\000r\000t\000i\000t\000i\000o\000n\000\040\000T\000o\000p\000o\000l\000o\000g\000y}{chapter.9}% 154
\BOOKMARK [1][-]{section.9.11}{\376\377\000A\000l\000l\000o\000s\000t\000e\000r\000i\000c\000\040\000R\000e\000g\000u\000l\000a\000t\000i\000o\000n\000\040\000a\000s\000\040\000R\000e\000m\000o\000t\000e\000\040\000P\000a\000r\000t\000i\000t\000i\000o\000n\000\040\000T\000o\000p\000o\000l\000o\000g\000y\000\040\000P\000e\000r\000t\000u\000r\000b\000a\000t\000i\000o\000n}{chapter.9}% 155
\BOOKMARK [1][-]{section.9.12}{\376\377\000I\000n\000h\000i\000b\000i\000t\000i\000o\000n\000\040\000T\000y\000p\000e\000s\000\040\000a\000s\000\040\000T\000o\000p\000o\000l\000o\000g\000i\000c\000a\000l\000\040\000O\000p\000e\000r\000a\000t\000i\000o\000n\000s}{chapter.9}% 156
\BOOKMARK [2][-]{subsection.9.12.1}{\376\377\000C\000o\000m\000p\000e\000t\000i\000t\000i\000v\000e\000\040\000I\000n\000h\000i\000b\000i\000t\000i\000o\000n}{section.9.12}% 157
\BOOKMARK [2][-]{subsection.9.12.2}{\376\377\000N\000o\000n\000-\000C\000o\000m\000p\000e\000t\000i\000t\000i\000v\000e\000\040\000I\000n\000h\000i\000b\000i\000t\000i\000o\000n}{section.9.12}% 158
\BOOKMARK [2][-]{subsection.9.12.3}{\376\377\000U\000n\000c\000o\000m\000p\000e\000t\000i\000t\000i\000v\000e\000\040\000I\000n\000h\000i\000b\000i\000t\000i\000o\000n}{section.9.12}% 159
\BOOKMARK [1][-]{section.9.13}{\376\377\000L\000e\000v\000i\000n\000t\000h\000a\000l\000'\000s\000\040\000P\000a\000r\000a\000d\000o\000x\000\040\000a\000n\000d\000\040\000P\000a\000r\000t\000i\000t\000i\000o\000n\000\040\000G\000r\000a\000d\000i\000e\000n\000t\000\040\000D\000e\000s\000c\000e\000n\000t}{chapter.9}% 160
\BOOKMARK [1][-]{section.9.14}{\376\377\000E\000n\000z\000y\000m\000e\000\040\000R\000a\000t\000e\000\040\000E\000n\000h\000a\000n\000c\000e\000m\000e\000n\000t\000:\000\040\000Q\000u\000a\000n\000t\000i\000t\000a\000t\000i\000v\000e\000\040\000V\000a\000l\000i\000d\000a\000t\000i\000o\000n}{chapter.9}% 161
\BOOKMARK [1][-]{section.9.15}{\376\377\000T\000r\000a\000n\000s\000i\000t\000i\000o\000n\000\040\000S\000t\000a\000t\000e\000\040\000T\000h\000e\000o\000r\000y\000,\000\040\000E\000n\000z\000y\000m\000e\000s\000,\000\040\000a\000n\000d\000\040\000t\000h\000e\000\040\0001\0000\0001\0007\000-\000F\000o\000l\000d\000\040\000P\000r\000o\000b\000l\000e\000m}{chapter.9}% 162
\BOOKMARK [1][-]{section.9.16}{\376\377\000S\000u\000m\000m\000a\000r\000y}{chapter.9}% 163
\BOOKMARK [0][-]{chapter.10}{\376\377\000T\000h\000e\000\040\000H\000i\000e\000r\000a\000r\000c\000h\000i\000c\000a\000l\000\040\000M\000e\000t\000a\000b\000o\000l\000i\000c\000\040\000C\000o\000m\000p\000u\000t\000e\000r}{part.3}% 164
\BOOKMARK [1][-]{section.10.1}{\376\377\000M\000e\000t\000a\000b\000o\000l\000i\000s\000m\000\040\000a\000s\000\040\000C\000a\000t\000e\000g\000o\000r\000i\000c\000a\000l\000\040\000C\000o\000m\000p\000u\000t\000a\000t\000i\000o\000n}{chapter.10}% 165
\BOOKMARK [1][-]{section.10.2}{\376\377\000T\000h\000e\000\040\000F\000i\000v\000e\000-\000L\000e\000v\000e\000l\000\040\000H\000i\000e\000r\000a\000r\000c\000h\000y\000\040\000\050\000L\0001\040\023\000L\0005\000\051}{chapter.10}% 166
\BOOKMARK [2][-]{subsection.10.2.1}{\376\377\000L\0001\000:\000\040\000S\000u\000b\000s\000t\000r\000a\000t\000e\000\040\000P\000a\000r\000t\000i\000t\000i\000o\000n\040\024\000G\000l\000u\000c\000o\000s\000e\000\040\000E\000n\000t\000r\000y}{section.10.2}% 167
\BOOKMARK [2][-]{subsection.10.2.2}{\376\377\000L\0002\000:\000\040\000P\000a\000t\000h\000w\000a\000y\000\040\000P\000a\000r\000t\000i\000t\000i\000o\000n\040\024\000G\000l\000y\000c\000o\000l\000y\000s\000i\000s\000\040\000t\000o\000\040\000P\000y\000r\000u\000v\000a\000t\000e}{section.10.2}% 168
\BOOKMARK [2][-]{subsection.10.2.3}{\376\377\000L\0003\000:\000\040\000E\000n\000e\000r\000g\000y\000\040\000E\000x\000t\000r\000a\000c\000t\000i\000o\000n\040\024\000T\000h\000e\000\040\000T\000C\000A\000\040\000C\000y\000c\000l\000e\000\040\000a\000s\000\040\000a\000\040\000P\000a\000r\000t\000i\000t\000i\000o\000n\000\040\000L\000o\000o\000p}{section.10.2}% 169
\BOOKMARK [2][-]{subsection.10.2.4}{\376\377\000L\0004\000:\000\040\000G\000r\000a\000d\000i\000e\000n\000t\000\040\000P\000a\000r\000t\000i\000t\000i\000o\000n\040\024\000O\000x\000i\000d\000a\000t\000i\000v\000e\000\040\000P\000h\000o\000s\000p\000h\000o\000r\000y\000l\000a\000t\000i\000o\000n}{section.10.2}% 170
\BOOKMARK [2][-]{subsection.10.2.5}{\376\377\000L\0005\000:\000\040\000R\000e\000g\000u\000l\000a\000t\000o\000r\000y\000\040\000P\000a\000r\000t\000i\000t\000i\000o\000n\040\024\000G\000e\000n\000e\000\040\000E\000x\000p\000r\000e\000s\000s\000i\000o\000n}{section.10.2}% 171
\BOOKMARK [1][-]{section.10.3}{\376\377\000A\000T\000P\000\040\000Y\000i\000e\000l\000d\000\040\000p\000e\000r\000\040\000L\000e\000v\000e\000l\000\040\000a\000n\000d\000\040\000I\000t\000s\000\040\000I\000n\000f\000o\000r\000m\000a\000t\000i\000o\000n\000\040\000C\000o\000r\000r\000e\000s\000p\000o\000n\000d\000e\000n\000c\000e}{chapter.10}% 172
\BOOKMARK [1][-]{section.10.4}{\376\377\000T\000h\000e\000\040\000I\000n\000f\000o\000r\000m\000a\000t\000i\000o\000n\000\040\000C\000o\000m\000p\000r\000e\000s\000s\000i\000o\000n\000\040\000L\000a\000w}{chapter.10}% 173
\BOOKMARK [1][-]{section.10.5}{\376\377\000H\000i\000e\000r\000a\000r\000c\000h\000i\000c\000a\000l\000\040\000D\000e\000p\000t\000h\000\040\000a\000s\000\040\000a\000\040\000H\000e\000a\000l\000t\000h\000\040\000M\000e\000t\000r\000i\000c}{chapter.10}% 174
\BOOKMARK [1][-]{section.10.6}{\376\377\000T\000h\000e\000\040\000P\000a\000r\000t\000i\000t\000i\000o\000n\000\040\000L\000o\000o\000p\000:\000\040\000T\000C\000A\000\040\000C\000y\000c\000l\000e\000\040\000T\000o\000p\000o\000l\000o\000g\000y}{chapter.10}% 175
\BOOKMARK [1][-]{section.10.7}{\376\377\000P\000a\000r\000t\000i\000t\000i\000o\000n\000\040\000T\000o\000p\000o\000l\000o\000g\000y\000\040\000o\000f\000\040\000M\000e\000t\000a\000b\000o\000l\000i\000c\000\040\000P\000a\000t\000h\000w\000a\000y\000s}{chapter.10}% 176
\BOOKMARK [1][-]{section.10.8}{\376\377\000C\000a\000s\000c\000a\000d\000e\000\040\000F\000a\000i\000l\000u\000r\000e\000\040\000P\000r\000o\000p\000a\000g\000a\000t\000i\000o\000n}{chapter.10}% 177
\BOOKMARK [1][-]{section.10.9}{\376\377\000D\000i\000s\000e\000a\000s\000e\000\040\000a\000s\000\040\000H\000i\000e\000r\000a\000r\000c\000h\000i\000c\000a\000l\000\040\000D\000e\000p\000t\000h\000\040\000R\000e\000d\000u\000c\000t\000i\000o\000n}{chapter.10}% 178
\BOOKMARK [2][-]{subsection.10.9.1}{\376\377\000C\000a\000n\000c\000e\000r\000:\000\040\000W\000a\000r\000b\000u\000r\000g\000\040\000E\000f\000f\000e\000c\000t\000\040\000a\000s\000\040\000D\000\040\000=\000\040\0002\000\040\000A\000t\000t\000r\000a\000c\000t\000o\000r}{section.10.9}% 179
\BOOKMARK [2][-]{subsection.10.9.2}{\376\377\000N\000e\000u\000r\000o\000d\000e\000g\000e\000n\000e\000r\000a\000t\000i\000o\000n\000:\000\040\000L\0004\000\040\000F\000a\000i\000l\000u\000r\000e}{section.10.9}% 180
\BOOKMARK [2][-]{subsection.10.9.3}{\376\377\000A\000g\000i\000n\000g\000:\000\040\000M\000o\000n\000o\000t\000o\000n\000i\000c\000\040\000D\000\040\000R\000e\000d\000u\000c\000t\000i\000o\000n}{section.10.9}% 181
\BOOKMARK [2][-]{subsection.10.9.4}{\376\377\000L\000i\000t\000h\000i\000u\000m\000\040\000a\000n\000d\000\040\000B\000i\000p\000o\000l\000a\000r\000\040\000D\000i\000s\000o\000r\000d\000e\000r\000:\000\040\000L\0005\000\040\000S\000t\000a\000b\000i\000l\000i\000s\000a\000t\000i\000o\000n}{section.10.9}% 182
\BOOKMARK [1][-]{section.10.10}{\376\377\000P\000h\000a\000r\000m\000a\000c\000e\000u\000t\000i\000c\000a\000l\000\040\000V\000a\000l\000i\000d\000a\000t\000i\000o\000n\000:\000\040\000L\000e\000v\000e\000l\000-\000T\000a\000r\000g\000e\000t\000e\000d\000\040\000I\000n\000t\000e\000r\000v\000e\000n\000t\000i\000o\000n\000s}{chapter.10}% 183
\BOOKMARK [1][-]{section.10.11}{\376\377\000M\000e\000t\000a\000b\000o\000l\000i\000c\000\040\000F\000l\000u\000x\000\040\000B\000a\000l\000a\000n\000c\000e\000\040\000a\000s\000\040\000P\000a\000r\000t\000i\000t\000i\000o\000n\000\040\000D\000e\000p\000t\000h\000\040\000M\000i\000n\000i\000m\000i\000s\000a\000t\000i\000o\000n}{chapter.10}% 184
\BOOKMARK [1][-]{section.10.12}{\376\377\000T\000h\000e\000\040\000Q\000u\000a\000n\000t\000u\000m\000\040\000F\000o\000u\000n\000d\000a\000t\000i\000o\000n\000\040\000o\000f\000\040\000t\000h\000e\000\040\000M\000e\000t\000a\000b\000o\000l\000i\000c\000\040\000C\000o\000m\000p\000u\000t\000e\000r}{chapter.10}% 185
\BOOKMARK [1][-]{section.10.13}{\376\377\000F\000l\000u\000x\000\040\000T\000a\000b\000l\000e\000s\000:\000\040\000H\000e\000a\000l\000t\000h\000y\000\040\000v\000s\000.\000\040\000D\000i\000s\000e\000a\000s\000e\000\040\000S\000t\000a\000t\000e\000s}{chapter.10}% 186
\BOOKMARK [1][-]{section.10.14}{\376\377\000S\000u\000m\000m\000a\000r\000y}{chapter.10}% 187
\BOOKMARK [0][-]{chapter.11}{\376\377\000B\000i\000o\000l\000o\000g\000i\000c\000a\000l\000\040\000C\000h\000a\000r\000g\000e\000\040\000C\000u\000r\000r\000e\000n\000t\000\040\000a\000n\000d\000\040\000F\000l\000u\000x}{part.3}% 188
\BOOKMARK [1][-]{section.11.1}{\376\377\000C\000h\000a\000r\000g\000e\000\040\000C\000u\000r\000r\000e\000n\000t\000\040\000f\000r\000o\000m\000\040\000P\000a\000r\000t\000i\000t\000i\000o\000n\000\040\000B\000o\000u\000n\000d\000a\000r\000y\000\040\000M\000o\000t\000i\000o\000n}{chapter.11}% 189
\BOOKMARK [1][-]{section.11.2}{\376\377\000I\000o\000n\000\040\000C\000h\000a\000n\000n\000e\000l\000s\000\040\000a\000s\000\040\000C\000o\000n\000t\000r\000o\000l\000l\000e\000d\000\040\000P\000a\000r\000t\000i\000t\000i\000o\000n\000\040\000A\000p\000e\000r\000t\000u\000r\000e\000s}{chapter.11}% 190
\BOOKMARK [2][-]{subsection.11.2.1}{\376\377\000G\000a\000t\000i\000n\000g\000\040\000a\000s\000\040\000P\000a\000r\000t\000i\000t\000i\000o\000n\000\040\000T\000o\000p\000o\000l\000o\000g\000y\000\040\000S\000w\000i\000t\000c\000h\000i\000n\000g}{section.11.2}% 191
\BOOKMARK [1][-]{section.11.3}{\376\377\000T\000h\000e\000\040\000G\000o\000l\000d\000m\000a\000n\040\023\000H\000o\000d\000g\000k\000i\000n\040\023\000K\000a\000t\000z\000\040\000E\000q\000u\000a\000t\000i\000o\000n\000\040\000f\000r\000o\000m\000\040\000P\000a\000r\000t\000i\000t\000i\000o\000n\000\040\000T\000h\000e\000o\000r\000y}{chapter.11}% 192
\BOOKMARK [2][-]{subsection.11.3.1}{\376\377\000D\000e\000r\000i\000v\000i\000n\000g\000\040\000t\000h\000e\000\040\000R\000e\000s\000t\000i\000n\000g\000\040\000P\000o\000t\000e\000n\000t\000i\000a\000l\000\040\000f\000r\000o\000m\000\040\000P\000a\000r\000t\000i\000t\000i\000o\000n\000\040\000T\000o\000p\000o\000l\000o\000g\000y}{section.11.3}% 193
\BOOKMARK [1][-]{section.11.4}{\376\377\000T\000h\000e\000\040\000N\000e\000r\000n\000s\000t\000\040\000P\000o\000t\000e\000n\000t\000i\000a\000l\000\040\000a\000s\000\040\000P\000a\000r\000t\000i\000t\000i\000o\000n\000\040\000D\000e\000p\000t\000h\000\040\000D\000i\000f\000f\000e\000r\000e\000n\000c\000e}{chapter.11}% 194
\BOOKMARK [1][-]{section.11.5}{\376\377\000P\000a\000r\000t\000i\000t\000i\000o\000n\000\040\000F\000l\000u\000x\000\040\000C\000o\000n\000s\000e\000r\000v\000a\000t\000i\000o\000n}{chapter.11}% 195
\BOOKMARK [1][-]{section.11.6}{\376\377\000M\000e\000m\000b\000r\000a\000n\000e\000\040\000P\000o\000t\000e\000n\000t\000i\000a\000l\000\040\000D\000y\000n\000a\000m\000i\000c\000s}{chapter.11}% 196
\BOOKMARK [1][-]{section.11.7}{\376\377\000A\000c\000t\000i\000o\000n\000\040\000P\000o\000t\000e\000n\000t\000i\000a\000l\000\040\000a\000s\000\040\000a\000\040\000P\000a\000r\000t\000i\000t\000i\000o\000n\000\040\000P\000h\000a\000s\000e\000\040\000T\000r\000a\000n\000s\000i\000t\000i\000o\000n}{chapter.11}% 197
\BOOKMARK [1][-]{section.11.8}{\376\377\000A\000T\000P\000\040\000S\000y\000n\000t\000h\000a\000s\000e\000\040\000a\000s\000\040\000P\000a\000r\000t\000i\000t\000i\000o\000n\000\040\000C\000o\000n\000v\000e\000r\000t\000e\000r}{chapter.11}% 198
\BOOKMARK [1][-]{section.11.9}{\376\377\000T\000h\000e\000\040\000N\000a\000+\000/\000K\000+\000-\000A\000T\000P\000a\000s\000e\000\040\000a\000n\000d\000\040\000S\000t\000e\000a\000d\000y\000-\000S\000t\000a\000t\000e\000\040\000P\000a\000r\000t\000i\000t\000i\000o\000n\000\040\000M\000a\000i\000n\000t\000e\000n\000a\000n\000c\000e}{chapter.11}% 199
\BOOKMARK [1][-]{section.11.10}{\376\377\000S\000u\000m\000m\000a\000r\000y}{chapter.11}% 200
\BOOKMARK [0][-]{chapter.12}{\376\377\000C\000e\000l\000l\000u\000l\000a\000r\000\040\000C\000h\000a\000r\000g\000e\000\040\000T\000r\000a\000j\000e\000c\000t\000o\000r\000i\000e\000s\000\040\000a\000n\000d\000\040\000D\000i\000s\000e\000a\000s\000e\000\040\000S\000t\000a\000t\000e\000s}{part.3}% 201
\BOOKMARK [1][-]{section.12.1}{\376\377\000T\000h\000e\000\040\000H\000e\000a\000l\000t\000h\000\040\000A\000t\000t\000r\000a\000c\000t\000o\000r\000\040\000i\000n\000\040\000S\000-\000S\000p\000a\000c\000e}{chapter.12}% 202
\BOOKMARK [1][-]{section.12.2}{\376\377\000D\000i\000s\000e\000a\000s\000e\000\040\000a\000s\000\040\000T\000r\000a\000j\000e\000c\000t\000o\000r\000y\000\040\000D\000e\000v\000i\000a\000t\000i\000o\000n}{chapter.12}% 203
\BOOKMARK [1][-]{section.12.3}{\376\377\000C\000a\000n\000c\000e\000r\000:\000\040\000T\000h\000e\000\040\000W\000a\000r\000b\000u\000r\000g\000\040\000E\000f\000f\000e\000c\000t\000\040\000a\000s\000\040\000a\000\040\000S\000t\000\040\000D\000e\000v\000i\000a\000t\000i\000o\000n}{chapter.12}% 204
\BOOKMARK [2][-]{subsection.12.3.1}{\376\377\000M\000e\000t\000a\000b\000o\000l\000i\000c\000\040\000T\000i\000m\000i\000n\000g\000\040\000D\000i\000s\000r\000u\000p\000t\000i\000o\000n}{section.12.3}% 205
\BOOKMARK [2][-]{subsection.12.3.2}{\376\377\000p\000H\000\040\000a\000s\000\040\000t\000h\000e\000\040\000P\000a\000r\000t\000i\000t\000i\000o\000n\000\040\000D\000e\000p\000t\000h\000\040\000C\000a\000r\000r\000i\000e\000r\000\040\000o\000f\000\040\000t\000h\000e\000\040\000W\000a\000r\000b\000u\000r\000g\000\040\000E\000f\000f\000e\000c\000t}{section.12.3}% 206
\BOOKMARK [2][-]{subsection.12.3.3}{\376\377\000A\000l\000l\000\040\000T\000h\000r\000e\000e\000\040\000C\000o\000o\000r\000d\000i\000n\000a\000t\000e\000s\000\040\000D\000e\000v\000i\000a\000t\000e\000\040\000i\000n\000\040\000A\000d\000v\000a\000n\000c\000e\000d\000\040\000C\000a\000n\000c\000e\000r}{section.12.3}% 207
\BOOKMARK [1][-]{section.12.4}{\376\377\000N\000e\000u\000r\000o\000d\000e\000g\000e\000n\000e\000r\000a\000t\000i\000o\000n\000:\000\040\000I\000o\000n\000\040\000P\000u\000m\000p\000\040\000F\000a\000i\000l\000u\000r\000e\000\040\000a\000s\000\040\000a\000\040\000S\000k\000\040\000D\000e\000v\000i\000a\000t\000i\000o\000n}{chapter.12}% 208
\BOOKMARK [2][-]{subsection.12.4.1}{\376\377\000T\000h\000e\000\040\000N\000a\000+\000/\000K\000+\000-\000A\000T\000P\000a\000s\000e\000\040\000a\000n\000d\000\040\000K\000n\000o\000w\000l\000e\000d\000g\000e\000\040\000E\000n\000t\000r\000o\000p\000y}{section.12.4}% 209
\BOOKMARK [2][-]{subsection.12.4.2}{\376\377\000T\000h\000e\000\040\000N\000e\000u\000r\000o\000d\000e\000g\000e\000n\000e\000r\000a\000t\000i\000v\000e\000\040\000C\000a\000s\000c\000a\000d\000e}{section.12.4}% 210
\BOOKMARK [2][-]{subsection.12.4.3}{\376\377\000A\000l\000z\000h\000e\000i\000m\000e\000r\000'\000s\000\040\000D\000i\000s\000e\000a\000s\000e}{section.12.4}% 211
\BOOKMARK [2][-]{subsection.12.4.4}{\376\377\000A\000m\000y\000o\000t\000r\000o\000p\000h\000i\000c\000\040\000L\000a\000t\000e\000r\000a\000l\000\040\000S\000c\000l\000e\000r\000o\000s\000i\000s}{section.12.4}% 212
\BOOKMARK [1][-]{section.12.5}{\376\377\000A\000g\000i\000n\000g\000:\000\040\000N\000u\000c\000l\000e\000a\000r\000\040\000P\000o\000r\000e\000\040\000C\000o\000m\000p\000l\000e\000x\000\040\000D\000e\000g\000r\000a\000d\000a\000t\000i\000o\000n\000\040\000a\000s\000\040\000a\000\040\000S\000e\000\040\000D\000e\000v\000i\000a\000t\000i\000o\000n}{chapter.12}% 213
\BOOKMARK [2][-]{subsection.12.5.1}{\376\377\000T\000h\000e\000\040\000N\000u\000c\000l\000e\000a\000r\000\040\000P\000o\000r\000e\000\040\000C\000o\000m\000p\000l\000e\000x\000\040\000a\000s\000\040\000a\000\040\000P\000a\000r\000t\000i\000t\000i\000o\000n\000\040\000G\000a\000t\000e}{section.12.5}% 214
\BOOKMARK [2][-]{subsection.12.5.2}{\376\377\000N\000P\000C\000\040\000D\000e\000g\000r\000a\000d\000a\000t\000i\000o\000n\000\040\000w\000i\000t\000h\000\040\000A\000g\000e}{section.12.5}% 215
\BOOKMARK [2][-]{subsection.12.5.3}{\376\377\000M\000e\000c\000h\000a\000n\000i\000s\000t\000i\000c\000\040\000C\000o\000n\000s\000e\000q\000u\000e\000n\000c\000e\000s\000\040\000o\000f\000\040\000S\000e\000\040\000E\000l\000e\000v\000a\000t\000i\000o\000n}{section.12.5}% 216
\BOOKMARK [1][-]{section.12.6}{\376\377\000S\000-\000S\000p\000a\000c\000e\000\040\000D\000i\000a\000g\000n\000o\000s\000t\000i\000c\000s\000\040\000a\000n\000d\000\040\000P\000r\000e\000d\000i\000c\000t\000i\000v\000e\000\040\000M\000e\000d\000i\000c\000i\000n\000e}{chapter.12}% 217
\BOOKMARK [2][-]{subsection.12.6.1}{\376\377\000O\000p\000e\000r\000a\000t\000i\000o\000n\000a\000l\000i\000s\000i\000n\000g\000\040\000S\000-\000S\000p\000a\000c\000e\000\040\000M\000e\000a\000s\000u\000r\000e\000m\000e\000n\000t}{section.12.6}% 218
\BOOKMARK [1][-]{section.12.7}{\376\377\000S\000u\000m\000m\000a\000r\000y}{chapter.12}% 219
\BOOKMARK [0][-]{chapter.13}{\376\377\000H\000y\000d\000r\000o\000g\000e\000n\000\040\000B\000o\000n\000d\000s\000\040\000a\000n\000d\000\040\000t\000h\000e\000\040\000T\000e\000m\000p\000e\000r\000a\000t\000u\000r\000e\040\023\000F\000r\000e\000q\000u\000e\000n\000c\000y\000\040\000I\000d\000e\000n\000t\000i\000t\000y}{part.3}% 220
\BOOKMARK [1][-]{section.13.1}{\376\377\000P\000r\000o\000t\000o\000n\000\040\000O\000s\000c\000i\000l\000l\000a\000t\000i\000o\000n\000\040\000i\000n\000\040\000W\000a\000t\000s\000o\000n\040\023\000C\000r\000i\000c\000k\000\040\000B\000a\000s\000e\000\040\000P\000a\000i\000r\000s}{chapter.13}% 221
\BOOKMARK [1][-]{section.13.2}{\376\377\000D\000N\000A\000\040\000a\000s\000\040\000a\000\040\000C\000a\000p\000a\000c\000i\000t\000o\000r\040\023\000R\000e\000s\000i\000s\000t\000o\000r\000\040\000C\000i\000r\000c\000u\000i\000t}{chapter.13}% 222
\BOOKMARK [2][-]{subsection.13.2.1}{\376\377\000D\000N\000A\000\040\000C\000a\000p\000a\000c\000i\000t\000a\000n\000c\000e\000\040\000f\000r\000o\000m\000\040\000M\000a\000n\000n\000i\000n\000g\000\040\000C\000o\000n\000d\000e\000n\000s\000a\000t\000i\000o\000n\000\040\000T\000h\000e\000o\000r\000y}{section.13.2}% 223
\BOOKMARK [2][-]{subsection.13.2.2}{\376\377\000D\000N\000A\000\040\000R\000e\000s\000i\000s\000t\000a\000n\000c\000e\000\040\000f\000r\000o\000m\000\040\000D\000e\000b\000y\000e\000-\000S\000c\000r\000e\000e\000n\000e\000d\000\040\000C\000o\000u\000n\000t\000e\000r\000i\000o\000n\000\040\000T\000r\000a\000n\000s\000p\000o\000r\000t}{section.13.2}% 224
\BOOKMARK [2][-]{subsection.13.2.3}{\376\377\000T\000h\000e\000\040\000R\000C\000\040\000T\000i\000m\000e\000\040\000C\000o\000n\000s\000t\000a\000n\000t}{section.13.2}% 225
\BOOKMARK [1][-]{section.13.3}{\376\377\000T\000h\000e\000o\000r\000e\000m\000:\000\040\000M\000e\000t\000a\000b\000o\000l\000i\000c\000\040\000C\000o\000u\000p\000l\000i\000n\000g\000\040\000T\000h\000r\000o\000u\000g\000h\000\040\000t\000h\000e\000\040\000R\000C\000\040\000T\000i\000m\000e\000\040\000C\000o\000n\000s\000t\000a\000n\000t}{chapter.13}% 226
\BOOKMARK [1][-]{section.13.4}{\376\377\000T\000h\000e\000\040\000T\000e\000m\000p\000e\000r\000a\000t\000u\000r\000e\000\040\000T\000r\000i\000p\000l\000e\000\040\000E\000q\000u\000i\000v\000a\000l\000e\000n\000c\000e}{chapter.13}% 227
\BOOKMARK [1][-]{section.13.5}{\376\377\000C\000o\000h\000e\000r\000e\000n\000c\000e\000\040\000L\000e\000n\000g\000t\000h\000\040\000o\000f\000\040\000H\000-\000B\000o\000n\000d\000\040\000P\000r\000o\000t\000o\000n\000\040\000O\000s\000c\000i\000l\000l\000a\000t\000i\000o\000n\000s}{chapter.13}% 228
\BOOKMARK [2][-]{subsection.13.5.1}{\376\377\000D\000e\000r\000i\000v\000a\000t\000i\000o\000n\000\040\000f\000r\000o\000m\000\040\000a\000\040\000B\000C\000S\000-\000L\000i\000k\000e\000\040\000T\000h\000e\000o\000r\000y}{section.13.5}% 229
\BOOKMARK [1][-]{section.13.6}{\376\377\000T\000h\000e\000o\000r\000e\000m\000:\000\040\000C\000o\000h\000e\000r\000e\000n\000c\000e\040\023\000N\000u\000c\000l\000e\000o\000s\000o\000m\000e\000\040\000C\000o\000r\000r\000e\000s\000p\000o\000n\000d\000e\000n\000c\000e}{chapter.13}% 230
\BOOKMARK [1][-]{section.13.7}{\376\377\000C\000a\000t\000e\000g\000o\000r\000i\000c\000a\000l\000\040\000M\000e\000a\000s\000u\000r\000e\000m\000e\000n\000t\000\040\000a\000n\000d\000\040\000B\000a\000c\000k\000a\000c\000t\000i\000o\000n\000\040\000R\000e\000d\000u\000c\000t\000i\000o\000n}{chapter.13}% 231
\BOOKMARK [1][-]{section.13.8}{\376\377\000W\000a\000t\000s\000o\000n\040\023\000C\000r\000i\000c\000k\000\040\000P\000r\000o\000t\000o\000n\000\040\000T\000r\000a\000n\000s\000f\000e\000r\000\040\000a\000n\000d\000\040\000T\000a\000u\000t\000o\000m\000e\000r\000i\000c\000\040\000M\000u\000t\000a\000t\000i\000o\000n}{chapter.13}% 232
\BOOKMARK [1][-]{section.13.9}{\376\377\000S\000u\000m\000m\000a\000r\000y}{chapter.13}% 233
\BOOKMARK [-1][-]{part.4}{\376\377\000I\000V\000\040\000T\000h\000e\000\040\000G\000e\000n\000o\000m\000e\000\040\000f\000r\000o\000m\000\040\000F\000i\000r\000s\000t\000\040\000P\000r\000i\000n\000c\000i\000p\000l\000e\000s}{}% 234
\BOOKMARK [0][-]{chapter.14}{\376\377\000C\000a\000r\000d\000i\000n\000a\000l\000\040\000C\000o\000o\000r\000d\000i\000n\000a\000t\000e\000s\000\040\000a\000n\000d\000\040\000N\000u\000c\000l\000e\000o\000t\000i\000d\000e\000\040\000G\000e\000o\000m\000e\000t\000r\000y}{part.4}% 235
\BOOKMARK [1][-]{section.14.1}{\376\377\000T\000h\000e\000\040\000E\000l\000e\000c\000t\000r\000o\000n\000i\000c\000\040\000P\000a\000r\000t\000i\000t\000i\000o\000n\000\040\000o\000f\000\040\000N\000u\000c\000l\000e\000o\000t\000i\000d\000e\000\040\000B\000a\000s\000e\000s}{chapter.14}% 236
\BOOKMARK [1][-]{section.14.2}{\376\377\000T\000h\000e\000\040\000F\000o\000u\000r\000-\000S\000t\000a\000t\000e\000\040\000D\000e\000r\000i\000v\000a\000t\000i\000o\000n\000\040\000T\000h\000e\000o\000r\000e\000m}{chapter.14}% 237
\BOOKMARK [1][-]{section.14.3}{\376\377\000T\000h\000e\000\040\000C\000a\000r\000d\000i\000n\000a\000l\000\040\000M\000a\000p}{chapter.14}% 238
\BOOKMARK [1][-]{section.14.4}{\376\377\000U\000n\000i\000q\000u\000e\000n\000e\000s\000s\000\040\000o\000f\000\040\000t\000h\000e\000\040\000C\000a\000r\000d\000i\000n\000a\000l\000\040\000M\000a\000p}{chapter.14}% 239
\BOOKMARK [1][-]{section.14.5}{\376\377\000W\000a\000t\000s\000o\000n\040\023\000C\000r\000i\000c\000k\000\040\000C\000h\000a\000r\000g\000e\000\040\000B\000a\000l\000a\000n\000c\000e}{chapter.14}% 240
\BOOKMARK [1][-]{section.14.6}{\376\377\000G\000e\000o\000m\000e\000t\000r\000i\000c\000\040\000S\000t\000r\000u\000c\000t\000u\000r\000e\000:\000\040\000T\000h\000e\000\040\000C\000a\000r\000d\000i\000n\000a\000l\000\040\000W\000a\000l\000k}{chapter.14}% 241
\BOOKMARK [1][-]{section.14.7}{\376\377\000I\000n\000f\000o\000r\000m\000a\000t\000i\000o\000n\000\040\000E\000n\000h\000a\000n\000c\000e\000m\000e\000n\000t\000\040\000f\000r\000o\000m\000\040\000D\000u\000a\000l\000-\000S\000t\000r\000a\000n\000d\000\040\000A\000n\000a\000l\000y\000s\000i\000s}{chapter.14}% 242
\BOOKMARK [1][-]{section.14.8}{\376\377\000G\000-\000C\000\040\000B\000o\000n\000d\000\040\000S\000t\000r\000e\000n\000g\000t\000h\000\040\000f\000r\000o\000m\000\040\000P\000a\000r\000t\000i\000t\000i\000o\000n\000\040\000D\000e\000p\000t\000h}{chapter.14}% 243
\BOOKMARK [1][-]{section.14.9}{\376\377\000S\000e\000l\000e\000c\000t\000i\000o\000n\000\040\000R\000u\000l\000e\000s\000\040\000f\000r\000o\000m\000\040\000P\000a\000r\000t\000i\000t\000i\000o\000n\000\040\000A\000d\000j\000a\000c\000e\000n\000c\000y}{chapter.14}% 244
\BOOKMARK [1][-]{section.14.10}{\376\377\000S\000p\000e\000c\000t\000r\000o\000s\000c\000o\000p\000i\000c\000\040\000V\000a\000l\000i\000d\000a\000t\000i\000o\000n}{chapter.14}% 245
\BOOKMARK [1][-]{section.14.11}{\376\377\000T\000h\000e\000\040\000C\000a\000r\000d\000i\000n\000a\000l\000\040\000W\000a\000l\000k\000\040\000a\000s\000\040\000a\000\040\000G\000e\000n\000o\000m\000i\000c\000\040\000F\000i\000n\000g\000e\000r\000p\000r\000i\000n\000t}{chapter.14}% 246
\BOOKMARK [1][-]{section.14.12}{\376\377\000C\000o\000n\000n\000e\000c\000t\000i\000o\000n\000s\000\040\000t\000o\000\040\000E\000a\000r\000l\000i\000e\000r\000\040\000F\000r\000a\000m\000e\000w\000o\000r\000k\000\040\000C\000h\000a\000p\000t\000e\000r\000s}{chapter.14}% 247
\BOOKMARK [1][-]{section.14.13}{\376\377\000S\000u\000m\000m\000a\000r\000y}{chapter.14}% 248
\BOOKMARK [0][-]{chapter.15}{\376\377\000D\000N\000A\000\040\000C\000a\000p\000a\000c\000i\000t\000a\000n\000c\000e\000\040\000a\000n\000d\000\040\000C\000h\000a\000r\000g\000e\000\040\000S\000t\000o\000r\000a\000g\000e}{part.4}% 249
\BOOKMARK [1][-]{section.15.1}{\376\377\000T\000h\000e\000\040\000P\000h\000o\000s\000p\000h\000a\000t\000e\000\040\000B\000a\000c\000k\000b\000o\000n\000e\000\040\000a\000s\000\040\000a\000\040\000C\000h\000a\000r\000g\000e\000\040\000S\000o\000u\000r\000c\000e}{chapter.15}% 250
\BOOKMARK [1][-]{section.15.2}{\376\377\000H\000i\000s\000t\000o\000n\000e\000\040\000C\000h\000a\000r\000g\000e\000\040\000N\000e\000u\000t\000r\000a\000l\000i\000s\000a\000t\000i\000o\000n}{chapter.15}% 251
\BOOKMARK [1][-]{section.15.3}{\376\377\000M\000a\000n\000n\000i\000n\000g\000\040\000C\000o\000n\000d\000e\000n\000s\000a\000t\000i\000o\000n\000\040\000a\000n\000d\000\040\000t\000h\000e\000\040\000E\000f\000f\000e\000c\000t\000i\000v\000e\000\040\000C\000h\000a\000r\000g\000e}{chapter.15}% 252
\BOOKMARK [1][-]{section.15.4}{\376\377\000D\000e\000b\000y\000e\000\040\000S\000c\000r\000e\000e\000n\000i\000n\000g\000\040\000a\000t\000\040\000P\000h\000y\000s\000i\000o\000l\000o\000g\000i\000c\000a\000l\000\040\000I\000o\000n\000i\000c\000\040\000S\000t\000r\000e\000n\000g\000t\000h}{chapter.15}% 253
\BOOKMARK [1][-]{section.15.5}{\376\377\000D\000e\000r\000i\000v\000a\000t\000i\000o\000n\000\040\000o\000f\000\040\000D\000N\000A\000\040\000C\000a\000p\000a\000c\000i\000t\000a\000n\000c\000e}{chapter.15}% 254
\BOOKMARK [1][-]{section.15.6}{\376\377\000C\000o\000m\000p\000a\000r\000i\000s\000o\000n\000\040\000w\000i\000t\000h\000\040\000t\000h\000e\000\040\000A\000T\000P\000\040\000E\000n\000e\000r\000g\000y\000\040\000P\000o\000o\000l}{chapter.15}% 255
\BOOKMARK [1][-]{section.15.7}{\376\377\000T\000h\000e\000\040\000R\000C\000\040\000T\000i\000m\000e\000\040\000C\000o\000n\000s\000t\000a\000n\000t\000\040\000a\000n\000d\000\040\000M\000e\000t\000a\000b\000o\000l\000i\000c\000\040\000C\000o\000u\000p\000l\000i\000n\000g}{chapter.15}% 256
\BOOKMARK [1][-]{section.15.8}{\376\377\000H\000y\000d\000r\000o\000g\000e\000n\000\040\000B\000o\000n\000d\000\040\000O\000s\000c\000i\000l\000l\000a\000t\000i\000o\000n\000\040\000F\000r\000e\000q\000u\000e\000n\000c\000y}{chapter.15}% 257
\BOOKMARK [1][-]{section.15.9}{\376\377\000F\000o\000u\000r\000\040\000G\000e\000n\000o\000m\000i\000c\000\040\000P\000r\000o\000c\000e\000s\000s\000e\000s\000\040\000M\000o\000d\000u\000l\000a\000t\000e\000d\000\040\000b\000y\000\040\000C\000h\000a\000r\000g\000e\000\040\000O\000s\000c\000i\000l\000l\000a\000t\000i\000o\000n\000s}{chapter.15}% 258
\BOOKMARK [2][-]{subsection.15.9.1}{\376\377\000O\000k\000a\000z\000a\000k\000i\000\040\000F\000r\000a\000g\000m\000e\000n\000t\000\040\000L\000e\000n\000g\000t\000h}{section.15.9}% 259
\BOOKMARK [2][-]{subsection.15.9.2}{\376\377\000T\000r\000a\000n\000s\000c\000r\000i\000p\000t\000i\000o\000n\000a\000l\000\040\000B\000u\000r\000s\000t\000i\000n\000g}{section.15.9}% 260
\BOOKMARK [2][-]{subsection.15.9.3}{\376\377\000N\000u\000c\000l\000e\000o\000s\000o\000m\000e\000\040\000B\000r\000e\000a\000t\000h\000i\000n\000g}{section.15.9}% 261
\BOOKMARK [2][-]{subsection.15.9.4}{\376\377\000A\000l\000t\000e\000r\000n\000a\000t\000i\000v\000e\000\040\000S\000p\000l\000i\000c\000i\000n\000g\000:\000\040\000P\000K\000M\0001\000/\000P\000K\000M\0002\000\040\000R\000a\000t\000i\000o}{section.15.9}% 262
\BOOKMARK [1][-]{section.15.10}{\376\377\000T\000h\000e\000\040\000C\000h\000a\000r\000g\000e\000-\000C\000e\000n\000t\000r\000i\000c\000\040\000P\000a\000r\000a\000d\000i\000g\000m}{chapter.15}% 263
\BOOKMARK [1][-]{section.15.11}{\376\377\000S\000u\000m\000m\000a\000r\000y}{chapter.15}% 264
\BOOKMARK [0][-]{chapter.16}{\376\377\000T\000h\000e\000\040\000C\000-\000V\000a\000l\000u\000e\000\040\000P\000a\000r\000a\000d\000o\000x\000:\000\040\000G\000e\000n\000o\000m\000e\000\040\000a\000s\000\040\000C\000a\000p\000a\000c\000i\000t\000o\000r}{part.4}% 265
\BOOKMARK [1][-]{section.16.1}{\376\377\000T\000h\000e\000\040\000P\000a\000r\000a\000d\000o\000x\000:\000\040\000G\000e\000n\000o\000m\000e\000\040\000S\000i\000z\000e\000\040\000a\000n\000d\000\040\000O\000r\000g\000a\000n\000i\000s\000m\000a\000l\000\040\000C\000o\000m\000p\000l\000e\000x\000i\000t\000y}{chapter.16}% 266
\BOOKMARK [1][-]{section.16.2}{\376\377\000F\000a\000i\000l\000e\000d\000\040\000H\000y\000p\000o\000t\000h\000e\000s\000e\000s}{chapter.16}% 267
\BOOKMARK [2][-]{subsection.16.2.1}{\376\377\000H\000y\000p\000o\000t\000h\000e\000s\000i\000s\000\040\0001\000:\000\040\000J\000u\000n\000k\000\040\000D\000N\000A}{section.16.2}% 268
\BOOKMARK [2][-]{subsection.16.2.2}{\376\377\000H\000y\000p\000o\000t\000h\000e\000s\000i\000s\000\040\0002\000:\000\040\000N\000u\000c\000l\000e\000o\000t\000y\000p\000i\000c\000\040\000E\000f\000f\000e\000c\000t\000s}{section.16.2}% 269
\BOOKMARK [2][-]{subsection.16.2.3}{\376\377\000H\000y\000p\000o\000t\000h\000e\000s\000i\000s\000\040\0003\000:\000\040\000M\000u\000t\000a\000t\000i\000o\000n\000a\000l\000\040\000E\000q\000u\000i\000l\000i\000b\000r\000i\000u\000m}{section.16.2}% 270
\BOOKMARK [2][-]{subsection.16.2.4}{\376\377\000H\000y\000p\000o\000t\000h\000e\000s\000i\000s\000\040\0004\000:\000\040\000R\000e\000g\000u\000l\000a\000t\000o\000r\000y\000\040\000C\000o\000m\000p\000l\000e\000x\000i\000t\000y}{section.16.2}% 271
\BOOKMARK [1][-]{section.16.3}{\376\377\000T\000h\000e\000\040\000C\000h\000a\000r\000g\000e\000\040\000D\000e\000n\000s\000i\000t\000y\000\040\000C\000o\000n\000s\000e\000r\000v\000a\000t\000i\000o\000n\000\040\000T\000h\000e\000o\000r\000e\000m}{chapter.16}% 272
\BOOKMARK [1][-]{section.16.4}{\376\377\000J\000u\000n\000k\000\040\000D\000N\000A\000\040\000a\000s\000\040\000C\000h\000a\000r\000g\000e\000\040\000S\000c\000a\000f\000f\000o\000l\000d\000i\000n\000g}{chapter.16}% 273
\BOOKMARK [1][-]{section.16.5}{\376\377\000A\000l\000l\000o\000m\000e\000t\000r\000i\000c\000\040\000S\000c\000a\000l\000i\000n\000g\000\040\000a\000n\000d\000\040\000M\000e\000t\000a\000b\000o\000l\000i\000c\000\040\000R\000a\000t\000e}{chapter.16}% 274
\BOOKMARK [1][-]{section.16.6}{\376\377\000F\000o\000u\000r\000\040\000I\000n\000d\000e\000p\000e\000n\000d\000e\000n\000t\000\040\000V\000a\000l\000i\000d\000a\000t\000i\000o\000n\000s}{chapter.16}% 275
\BOOKMARK [2][-]{subsection.16.6.1}{\376\377\000V\000a\000l\000i\000d\000a\000t\000i\000o\000n\000\040\0001\000:\000\040\000G\000e\000o\000m\000e\000t\000r\000i\000c\000\040\000I\000n\000f\000o\000r\000m\000a\000t\000i\000o\000n\000\040\000E\000n\000c\000o\000d\000i\000n\000g}{section.16.6}% 276
\BOOKMARK [2][-]{subsection.16.6.2}{\376\377\000V\000a\000l\000i\000d\000a\000t\000i\000o\000n\000\040\0002\000:\000\040\000P\000h\000a\000s\000e\000-\000L\000o\000c\000k\000e\000d\000\040\000O\000s\000c\000i\000l\000l\000a\000t\000o\000r\000\040\000C\000o\000n\000s\000t\000r\000a\000i\000n\000t}{section.16.6}% 277
\BOOKMARK [2][-]{subsection.16.6.3}{\376\377\000V\000a\000l\000i\000d\000a\000t\000i\000o\000n\000\040\0003\000:\000\040\000V\000D\000J\000\040\000C\000o\000m\000b\000i\000n\000a\000t\000o\000r\000i\000a\000l\000\040\000A\000m\000p\000l\000i\000f\000i\000c\000a\000t\000i\000o\000n}{section.16.6}% 278
\BOOKMARK [2][-]{subsection.16.6.4}{\376\377\000V\000a\000l\000i\000d\000a\000t\000i\000o\000n\000\040\0004\000:\000\040\000S\000e\000q\000u\000e\000n\000c\000e\000\040\000V\000a\000r\000i\000a\000t\000i\000o\000n\000\040\000I\000r\000r\000e\000l\000e\000v\000a\000n\000c\000e}{section.16.6}% 279
\BOOKMARK [1][-]{section.16.7}{\376\377\000Q\000u\000a\000n\000t\000i\000t\000a\000t\000i\000v\000e\000\040\000P\000r\000e\000d\000i\000c\000t\000i\000o\000n\000s\000\040\000a\000n\000d\000\040\000T\000e\000s\000t\000s}{chapter.16}% 280
\BOOKMARK [1][-]{section.16.8}{\376\377\000T\000h\000e\000\040\000C\000a\000p\000a\000c\000i\000t\000o\000r\000\040\000M\000o\000d\000e\000l\000:\000\040\000A\000\040\000U\000n\000i\000f\000i\000e\000d\000\040\000P\000i\000c\000t\000u\000r\000e}{chapter.16}% 281
\BOOKMARK [1][-]{section.16.9}{\376\377\000S\000u\000m\000m\000a\000r\000y}{chapter.16}% 282
\BOOKMARK [0][-]{chapter.17}{\376\377\000T\000h\000e\000\040\000T\000e\000r\000n\000a\000r\000y\000\040\000C\000o\000m\000p\000u\000t\000i\000n\000g\000\040\000G\000e\000n\000o\000m\000e}{part.4}% 283
\BOOKMARK [1][-]{section.17.1}{\376\377\000T\000h\000e\000\040\000C\000o\000m\000p\000u\000t\000a\000t\000i\000o\000n\000a\000l\000\040\000P\000a\000r\000a\000d\000i\000g\000m\000\040\000S\000h\000i\000f\000t}{chapter.17}% 284
\BOOKMARK [2][-]{subsection.17.1.1}{\376\377\000T\000h\000e\000\040\000V\000o\000n\000\040\000N\000e\000u\000m\000a\000n\000n\000\040\000G\000e\000n\000o\000m\000e}{section.17.1}% 285
\BOOKMARK [2][-]{subsection.17.1.2}{\376\377\000T\000h\000e\000\040\000N\000a\000v\000i\000g\000a\000t\000i\000o\000n\000\040\000A\000r\000c\000h\000i\000t\000e\000c\000t\000u\000r\000e}{section.17.1}% 286
\BOOKMARK [1][-]{section.17.2}{\376\377\000T\000h\000r\000e\000e\000\040\000P\000r\000i\000m\000i\000t\000i\000v\000e\000\040\000O\000p\000e\000r\000a\000t\000i\000o\000n\000s}{chapter.17}% 287
\BOOKMARK [1][-]{section.17.3}{\376\377\000C\000o\000m\000p\000u\000t\000a\000t\000i\000o\000n\000a\000l\000\040\000C\000o\000m\000p\000l\000e\000t\000e\000n\000e\000s\000s\000\040\000o\000f\000\040\000P\000S\000L\000\040\000P\000r\000i\000m\000i\000t\000i\000v\000e\000s}{chapter.17}% 288
\BOOKMARK [1][-]{section.17.4}{\376\377\000N\000u\000c\000l\000e\000o\000t\000i\000d\000e\000-\000t\000o\000-\000T\000r\000i\000t\000\040\000M\000a\000p\000p\000i\000n\000g}{chapter.17}% 289
\BOOKMARK [1][-]{section.17.5}{\376\377\000T\000h\000e\000\040\000O\000\050\0003\000\040\000n\000\051\000\040\000N\000a\000v\000i\000g\000a\000t\000i\000o\000n\000\040\000C\000o\000m\000p\000l\000e\000x\000i\000t\000y\000\040\000T\000h\000e\000o\000r\000e\000m}{chapter.17}% 290
\BOOKMARK [1][-]{section.17.6}{\376\377\000T\000h\000e\000\040\000E\000m\000p\000t\000y\000\040\000D\000i\000c\000t\000i\000o\000n\000a\000r\000y\000\040\000P\000r\000i\000n\000c\000i\000p\000l\000e}{chapter.17}% 291
\BOOKMARK [1][-]{section.17.7}{\376\377\000T\000h\000e\000\040\000P\000a\000r\000t\000i\000t\000i\000o\000n\000\040\000S\000y\000n\000t\000h\000e\000s\000i\000s\000\040\000L\000a\000n\000g\000u\000a\000g\000e}{chapter.17}% 292
\BOOKMARK [2][-]{subsection.17.7.1}{\376\377\000P\000S\000L\000\040\000S\000y\000n\000t\000a\000x}{section.17.7}% 293
\BOOKMARK [1][-]{section.17.8}{\376\377\000T\000h\000e\000\040\000D\000o\000u\000b\000l\000e\000\040\000H\000e\000l\000i\000x\000\040\000a\000s\000\040\000a\000\040\000B\000i\000d\000i\000r\000e\000c\000t\000i\000o\000n\000a\000l\000\040\000T\000e\000r\000n\000a\000r\000y\000\040\000C\000o\000m\000p\000u\000t\000e\000r}{chapter.17}% 294
\BOOKMARK [1][-]{section.17.9}{\376\377\000G\000e\000n\000o\000m\000i\000c\000\040\000A\000d\000d\000r\000e\000s\000s\000\040\000S\000p\000a\000c\000e}{chapter.17}% 295
\BOOKMARK [1][-]{section.17.10}{\376\377\000I\000m\000p\000l\000i\000c\000a\000t\000i\000o\000n\000s\000\040\000f\000o\000r\000\040\000G\000e\000n\000o\000m\000e\000\040\000E\000v\000o\000l\000u\000t\000i\000o\000n}{chapter.17}% 296
\BOOKMARK [1][-]{section.17.11}{\376\377\000T\000h\000e\000\040\000T\000e\000r\000n\000a\000r\000y\000\040\000C\000o\000d\000e\000\040\000T\000a\000b\000l\000e}{chapter.17}% 297
\BOOKMARK [1][-]{section.17.12}{\376\377\000C\000o\000n\000n\000e\000c\000t\000i\000o\000n\000s\000\040\000t\000o\000\040\000E\000a\000r\000l\000i\000e\000r\000\040\000F\000r\000a\000m\000e\000w\000o\000r\000k\000\040\000C\000h\000a\000p\000t\000e\000r\000s}{chapter.17}% 298
\BOOKMARK [1][-]{section.17.13}{\376\377\000S\000u\000m\000m\000a\000r\000y}{chapter.17}% 299
\BOOKMARK [-1][-]{part.5}{\376\377\000V\000\040\000O\000s\000c\000i\000l\000l\000a\000t\000o\000r\000y\000\040\000G\000e\000n\000o\000m\000e\000\040\000N\000e\000t\000w\000o\000r\000k\000s}{}% 300
\BOOKMARK [0][-]{chapter.18}{\376\377\000T\000h\000e\000\040\000M\000e\000t\000a\000b\000o\000l\000i\000c\000\040\000C\000l\000o\000c\000k\000\040\000a\000n\000d\000\040\000R\000e\000p\000l\000i\000c\000a\000t\000i\000o\000n\000\040\000T\000i\000m\000i\000n\000g}{part.5}% 301
\BOOKMARK [1][-]{section.18.1}{\376\377\000M\000e\000t\000a\000b\000o\000l\000i\000c\000\040\000O\000s\000c\000i\000l\000l\000a\000t\000i\000o\000n\000s\000\040\000a\000s\000\040\000a\000\040\000M\000a\000s\000t\000e\000r\000\040\000C\000l\000o\000c\000k}{chapter.18}% 302
\BOOKMARK [1][-]{section.18.2}{\376\377\000D\000e\000b\000y\000e\000\040\000L\000e\000n\000g\000t\000h\000\040\000O\000s\000c\000i\000l\000l\000a\000t\000i\000o\000n\000s\000\040\000a\000n\000d\000\040\000E\000l\000e\000c\000t\000r\000o\000s\000t\000a\000t\000i\000c\000\040\000G\000a\000t\000i\000n\000g}{chapter.18}% 303
\BOOKMARK [1][-]{section.18.3}{\376\377\000T\000h\000e\000\040\000M\000e\000t\000a\000b\000o\000l\000i\000c\040\023\000G\000e\000n\000o\000m\000i\000c\000\040\000C\000o\000u\000p\000l\000i\000n\000g\000\040\000T\000h\000e\000o\000r\000e\000m}{chapter.18}% 304
\BOOKMARK [1][-]{section.18.4}{\376\377\000O\000k\000a\000z\000a\000k\000i\000\040\000F\000r\000a\000g\000m\000e\000n\000t\000\040\000L\000e\000n\000g\000t\000h\000\040\000Q\000u\000a\000n\000t\000i\000z\000a\000t\000i\000o\000n}{chapter.18}% 305
\BOOKMARK [1][-]{section.18.5}{\376\377\000R\000e\000p\000l\000i\000c\000a\000t\000i\000o\000n\000\040\000T\000i\000m\000i\000n\000g\000\040\000D\000o\000m\000a\000i\000n\000s\000\040\000a\000n\000d\000\040\000C\000h\000a\000r\000g\000e\000\040\000D\000e\000n\000s\000i\000t\000y}{chapter.18}% 306
\BOOKMARK [2][-]{subsection.18.5.1}{\376\377\000E\000a\000r\000l\000y\000-\000\040\000a\000n\000d\000\040\000L\000a\000t\000e\000-\000R\000e\000p\000l\000i\000c\000a\000t\000i\000n\000g\000\040\000D\000o\000m\000a\000i\000n\000s}{section.18.5}% 307
\BOOKMARK [1][-]{section.18.6}{\376\377\000H\000a\000r\000m\000o\000n\000i\000c\000\040\000L\000o\000c\000k\000i\000n\000g\000\040\000o\000f\000\040\000O\000t\000h\000e\000r\000\040\000G\000e\000n\000o\000m\000i\000c\000\040\000P\000r\000o\000c\000e\000s\000s\000e\000s}{chapter.18}% 308
\BOOKMARK [1][-]{section.18.7}{\376\377\000Q\000u\000a\000n\000t\000i\000t\000a\000t\000i\000v\000e\000\040\000P\000r\000e\000d\000i\000c\000t\000i\000o\000n\000s\000\040\000a\000n\000d\000\040\000E\000x\000p\000e\000r\000i\000m\000e\000n\000t\000a\000l\000\040\000T\000e\000s\000t\000s}{chapter.18}% 309
\BOOKMARK [1][-]{section.18.8}{\376\377\000T\000h\000e\000\040\000G\000e\000n\000o\000m\000e\000\040\000a\000s\000\040\000a\000\040\000P\000h\000a\000s\000e\000-\000L\000o\000c\000k\000e\000d\000\040\000O\000s\000c\000i\000l\000l\000a\000t\000o\000r\000\040\000N\000e\000t\000w\000o\000r\000k}{chapter.18}% 310
\BOOKMARK [1][-]{section.18.9}{\376\377\000C\000o\000n\000n\000e\000c\000t\000i\000o\000n\000\040\000t\000o\000\040\000S\000-\000E\000n\000t\000r\000o\000p\000y\000\040\000T\000e\000m\000p\000o\000r\000a\000l\000\040\000C\000o\000o\000r\000d\000i\000n\000a\000t\000e}{chapter.18}% 311
\BOOKMARK [0][-]{chapter.19}{\376\377\000C\000h\000r\000o\000m\000a\000t\000i\000n\000\040\000B\000r\000e\000a\000t\000h\000i\000n\000g\000\040\000a\000n\000d\000\040\000S\000p\000l\000i\000c\000i\000n\000g\000\040\000a\000s\000\040\000P\000a\000r\000t\000i\000t\000i\000o\000n\000\040\000S\000e\000l\000e\000c\000t\000i\000o\000n}{part.5}% 312
\BOOKMARK [1][-]{section.19.1}{\376\377\000N\000u\000c\000l\000e\000o\000s\000o\000m\000e\000\040\000B\000r\000e\000a\000t\000h\000i\000n\000g\000:\000\040\000O\000b\000s\000e\000r\000v\000a\000t\000i\000o\000n\000s\000\040\000a\000n\000d\000\040\000M\000e\000c\000h\000a\000n\000i\000s\000m\000s}{chapter.19}% 313
\BOOKMARK [1][-]{section.19.2}{\376\377\000T\000h\000e\000\040\000E\000l\000e\000c\000t\000r\000o\000s\000t\000a\000t\000i\000c\000\040\000B\000a\000l\000a\000n\000c\000e\000\040\000o\000f\000\040\000t\000h\000e\000\040\000N\000u\000c\000l\000e\000o\000s\000o\000m\000e}{chapter.19}% 314
\BOOKMARK [1][-]{section.19.3}{\376\377\000T\000h\000e\000\040\000N\000u\000c\000l\000e\000o\000s\000o\000m\000e\000\040\000a\000s\000\040\000a\000\040\000P\000a\000r\000t\000i\000t\000i\000o\000n\000\040\000G\000a\000t\000e}{chapter.19}% 315
\BOOKMARK [1][-]{section.19.4}{\376\377\000A\000l\000t\000e\000r\000n\000a\000t\000i\000v\000e\000\040\000S\000p\000l\000i\000c\000i\000n\000g\000\040\000a\000s\000\040\000C\000a\000t\000e\000g\000o\000r\000i\000c\000a\000l\000\040\000P\000a\000r\000t\000i\000t\000i\000o\000n\000\040\000S\000e\000l\000e\000c\000t\000i\000o\000n}{chapter.19}% 316
\BOOKMARK [2][-]{subsection.19.4.1}{\376\377\000M\000e\000t\000a\000b\000o\000l\000i\000c\000\040\000C\000o\000u\000p\000l\000i\000n\000g\000\040\000t\000o\000\040\000S\000p\000l\000i\000c\000i\000n\000g}{section.19.4}% 317
\BOOKMARK [1][-]{section.19.5}{\376\377\000H\000i\000s\000t\000o\000n\000e\000\040\000M\000o\000d\000i\000f\000i\000c\000a\000t\000i\000o\000n\000s\000\040\000a\000s\000\040\000P\000a\000r\000t\000i\000t\000i\000o\000n\000\040\000D\000e\000p\000t\000h\000\040\000M\000a\000r\000k\000e\000r\000s}{chapter.19}% 318
\BOOKMARK [2][-]{subsection.19.5.1}{\376\377\000D\000N\000A\000\040\000M\000e\000t\000h\000y\000l\000a\000t\000i\000o\000n\000\040\000a\000s\000\040\000a\000n\000\040\000A\000d\000d\000i\000t\000i\000o\000n\000a\000l\000\040\000D\000e\000p\000t\000h\000\040\000I\000n\000c\000r\000e\000m\000e\000n\000t}{section.19.5}% 319
\BOOKMARK [1][-]{section.19.6}{\376\377\000T\000h\000e\000\040\000C\000h\000r\000o\000m\000a\000t\000i\000n\000\040\000S\000t\000a\000t\000e\000\040\000M\000a\000c\000h\000i\000n\000e}{chapter.19}% 320
\BOOKMARK [1][-]{section.19.7}{\376\377\000E\000x\000p\000e\000r\000i\000m\000e\000n\000t\000a\000l\000\040\000P\000r\000e\000d\000i\000c\000t\000i\000o\000n\000s}{chapter.19}% 321
\BOOKMARK [0][-]{chapter.20}{\376\377\000T\000r\000a\000n\000s\000c\000r\000i\000p\000t\000i\000o\000n\000a\000l\000\040\000B\000u\000r\000s\000t\000i\000n\000g\000\040\000a\000n\000d\000\040\000C\000h\000a\000r\000g\000e\000-\000C\000o\000n\000t\000r\000o\000l\000l\000e\000d\000\040\000E\000x\000p\000r\000e\000s\000s\000i\000o\000n}{part.5}% 322
\BOOKMARK [1][-]{section.20.1}{\376\377\000T\000r\000a\000n\000s\000c\000r\000i\000p\000t\000i\000o\000n\000a\000l\000\040\000B\000u\000r\000s\000t\000i\000n\000g\000:\000\040\000P\000h\000e\000n\000o\000m\000e\000n\000o\000l\000o\000g\000y\000\040\000a\000n\000d\000\040\000P\000r\000o\000b\000l\000e\000m\000s}{chapter.20}% 323
\BOOKMARK [1][-]{section.20.2}{\376\377\000T\000h\000e\000\040\000C\000h\000a\000r\000g\000e\000\040\000T\000h\000r\000e\000s\000h\000o\000l\000d\000\040\000M\000o\000d\000e\000l\000\040\000o\000f\000\040\000T\000r\000a\000n\000s\000c\000r\000i\000p\000t\000i\000o\000n\000a\000l\000\040\000F\000i\000r\000i\000n\000g}{chapter.20}% 324
\BOOKMARK [1][-]{section.20.3}{\376\377\000B\000u\000r\000s\000t\000\040\000S\000i\000z\000e\000\040\000D\000i\000s\000t\000r\000i\000b\000u\000t\000i\000o\000n\000\040\000a\000n\000d\000\040\000S\000e\000l\000f\000-\000O\000r\000g\000a\000n\000i\000s\000e\000d\000\040\000C\000r\000i\000t\000i\000c\000a\000l\000i\000t\000y}{chapter.20}% 325
\BOOKMARK [1][-]{section.20.4}{\376\377\000G\000l\000o\000b\000a\000l\000\040\000C\000h\000a\000r\000g\000e\000\040\000S\000t\000a\000t\000e\000\040\000a\000s\000\040\000M\000a\000s\000t\000e\000r\000\040\000R\000e\000g\000u\000l\000a\000t\000o\000r\000\040\000o\000f\000\040\000T\000r\000a\000n\000s\000c\000r\000i\000p\000t\000i\000o\000n}{chapter.20}% 326
\BOOKMARK [1][-]{section.20.5}{\376\377\000C\000h\000a\000r\000g\000e\000\040\000D\000o\000m\000a\000i\000n\000s\000\040\000a\000n\000d\000\040\000T\000o\000p\000o\000l\000o\000g\000i\000c\000a\000l\000\040\000A\000s\000s\000o\000c\000i\000a\000t\000i\000n\000g\000\040\000D\000o\000m\000a\000i\000n\000s}{chapter.20}% 327
\BOOKMARK [1][-]{section.20.6}{\376\377\000T\000h\000e\000\040\000N\000u\000c\000l\000e\000a\000r\000\040\000E\000l\000e\000c\000t\000r\000o\000m\000a\000g\000n\000e\000t\000i\000c\000\040\000F\000i\000e\000l\000d}{chapter.20}% 328
\BOOKMARK [1][-]{section.20.7}{\376\377\000T\000r\000a\000n\000s\000c\000r\000i\000p\000t\000i\000o\000n\000\040\000F\000a\000c\000t\000o\000r\000\040\000B\000i\000n\000d\000i\000n\000g\000\040\000a\000s\000\040\000P\000a\000r\000t\000i\000t\000i\000o\000n\000\040\000D\000e\000p\000t\000h\000\040\000M\000o\000d\000u\000l\000a\000t\000i\000o\000n}{chapter.20}% 329
\BOOKMARK [1][-]{section.20.8}{\376\377\000Q\000u\000a\000n\000t\000i\000t\000a\000t\000i\000v\000e\000\040\000P\000r\000e\000d\000i\000c\000t\000i\000o\000n\000s}{chapter.20}% 330
\BOOKMARK [0][-]{chapter.21}{\376\377\000N\000u\000c\000l\000e\000a\000r\000\040\000A\000r\000c\000h\000i\000t\000e\000c\000t\000u\000r\000e\000\040\000a\000n\000d\000\040\000C\000h\000a\000r\000g\000e\000\040\000C\000o\000m\000p\000a\000r\000t\000m\000e\000n\000t\000a\000l\000i\000s\000a\000t\000i\000o\000n}{part.5}% 331
\BOOKMARK [1][-]{section.21.1}{\376\377\000T\000h\000e\000\040\000N\000u\000c\000l\000e\000a\000r\000\040\000E\000n\000v\000e\000l\000o\000p\000e\000\040\000a\000s\000\040\000P\000r\000i\000m\000a\000r\000y\000\040\000P\000a\000r\000t\000i\000t\000i\000o\000n\000\040\000B\000o\000u\000n\000d\000a\000r\000y}{chapter.21}% 332
\BOOKMARK [1][-]{section.21.2}{\376\377\000T\000h\000e\000\040\000N\000u\000c\000l\000e\000a\000r\000\040\000P\000o\000r\000e\000\040\000C\000o\000m\000p\000l\000e\000x\000\040\000a\000s\000\040\000P\000a\000r\000t\000i\000t\000i\000o\000n\000\040\000F\000i\000l\000t\000e\000r}{chapter.21}% 333
\BOOKMARK [1][-]{section.21.3}{\376\377\000T\000h\000e\000\040\000I\000m\000p\000o\000r\000t\000i\000n\000/\000E\000x\000p\000o\000r\000t\000i\000n\000\040\000S\000y\000s\000t\000e\000m\000\040\000a\000s\000\040\000T\000o\000p\000o\000l\000o\000g\000y\000-\000S\000p\000e\000c\000i\000f\000i\000c\000\040\000T\000r\000a\000n\000s\000p\000o\000r\000t}{chapter.21}% 334
\BOOKMARK [1][-]{section.21.4}{\376\377\000A\000g\000i\000n\000g\000\040\000a\000s\000\040\000P\000r\000o\000g\000r\000e\000s\000s\000i\000v\000e\000\040\000P\000a\000r\000t\000i\000t\000i\000o\000n\000\040\000B\000o\000u\000n\000d\000a\000r\000y\000\040\000D\000i\000s\000s\000o\000l\000u\000t\000i\000o\000n}{chapter.21}% 335
\BOOKMARK [1][-]{section.21.5}{\376\377\000P\000h\000a\000s\000e\000\040\000S\000e\000p\000a\000r\000a\000t\000i\000o\000n\000\040\000a\000s\000\040\000C\000a\000t\000e\000g\000o\000r\000i\000c\000a\000l\000\040\000P\000a\000r\000t\000i\000t\000i\000o\000n\000\040\000P\000h\000a\000s\000e\000\040\000T\000r\000a\000n\000s\000i\000t\000i\000o\000n}{chapter.21}% 336
\BOOKMARK [1][-]{section.21.6}{\376\377\000H\000e\000t\000e\000r\000o\000c\000h\000r\000o\000m\000a\000t\000i\000n\000\040\000a\000s\000\040\000C\000h\000a\000r\000g\000e\000-\000I\000s\000o\000l\000a\000t\000e\000d\000\040\000P\000a\000r\000t\000i\000t\000i\000o\000n}{chapter.21}% 337
\BOOKMARK [1][-]{section.21.7}{\376\377\000T\000h\000e\000\040\000C\000e\000n\000t\000r\000o\000m\000e\000r\000e\000\040\000a\000s\000\040\000t\000h\000e\000\040\000P\000r\000i\000m\000a\000r\000y\000\040\000P\000a\000r\000t\000i\000t\000i\000o\000n\000\040\000O\000r\000i\000g\000i\000n\000\040\000o\000f\000\040\000t\000h\000e\000\040\000C\000h\000r\000o\000m\000o\000s\000o\000m\000e}{chapter.21}% 338
\BOOKMARK [1][-]{section.21.8}{\376\377\000N\000u\000c\000l\000e\000a\000r\000\040\000B\000o\000d\000i\000e\000s\000\040\000a\000s\000\040\000P\000a\000r\000t\000i\000t\000i\000o\000n\000\040\000C\000o\000n\000d\000e\000n\000s\000a\000t\000e\000s}{chapter.21}% 339
\BOOKMARK [1][-]{section.21.9}{\376\377\000U\000n\000i\000f\000i\000e\000d\000\040\000P\000i\000c\000t\000u\000r\000e\000:\000\040\000N\000u\000c\000l\000e\000a\000r\000\040\000A\000r\000c\000h\000i\000t\000e\000c\000t\000u\000r\000e\000\040\000a\000s\000\040\000P\000a\000r\000t\000i\000t\000i\000o\000n\000\040\000H\000i\000e\000r\000a\000r\000c\000h\000y}{chapter.21}% 340
\BOOKMARK [1][-]{section.21.10}{\376\377\000Q\000u\000a\000n\000t\000i\000t\000a\000t\000i\000v\000e\000\040\000P\000r\000e\000d\000i\000c\000t\000i\000o\000n\000s}{chapter.21}% 341
\BOOKMARK [-1][-]{part.6}{\376\377\000V\000I\000\040\000D\000i\000s\000e\000a\000s\000e\000,\000\040\000I\000m\000m\000u\000n\000i\000t\000y\000,\000\040\000a\000n\000d\000\040\000T\000h\000e\000r\000a\000p\000y}{}% 342
\BOOKMARK [0][-]{chapter.22}{\376\377\000D\000i\000s\000e\000a\000s\000e\000\040\000a\000s\000\040\000C\000h\000a\000r\000g\000e\000\040\000D\000y\000s\000r\000e\000g\000u\000l\000a\000t\000i\000o\000n}{part.6}% 343
\BOOKMARK [1][-]{section.22.1}{\376\377\000T\000h\000e\000\040\000C\000h\000a\000r\000g\000e\000-\000T\000r\000a\000j\000e\000c\000t\000o\000r\000y\000\040\000P\000e\000r\000s\000p\000e\000c\000t\000i\000v\000e\000\040\000o\000n\000\040\000D\000i\000s\000e\000a\000s\000e}{chapter.22}% 344
\BOOKMARK [1][-]{section.22.2}{\376\377\000C\000a\000n\000c\000e\000r\000\040\000a\000s\000\040\000P\000a\000r\000t\000i\000t\000i\000o\000n\000\040\000D\000e\000p\000t\000h\000\040\000C\000o\000l\000l\000a\000p\000s\000e\000:\000\040\000T\000h\000e\000\040\000W\000a\000r\000b\000u\000r\000g\000\040\000E\000f\000f\000e\000c\000t}{chapter.22}% 345
\BOOKMARK [2][-]{subsection.22.2.1}{\376\377\000T\000h\000e\000\040\000W\000a\000r\000b\000u\000r\000g\000\040\000O\000b\000s\000e\000r\000v\000a\000t\000i\000o\000n\000\040\000a\000n\000d\000\040\000I\000t\000s\000\040\000S\000t\000a\000n\000d\000a\000r\000d\000\040\000E\000x\000p\000l\000a\000n\000a\000t\000i\000o\000n}{section.22.2}% 346
\BOOKMARK [2][-]{subsection.22.2.2}{\376\377\000T\000u\000m\000o\000u\000r\000\040\000M\000i\000c\000r\000o\000e\000n\000v\000i\000r\000o\000n\000m\000e\000n\000t\000\040\000a\000s\000\040\000a\000\040\000C\000h\000a\000r\000g\000e\000\040\000P\000e\000r\000t\000u\000r\000b\000a\000t\000i\000o\000n}{section.22.2}% 347
\BOOKMARK [2][-]{subsection.22.2.3}{\376\377\000T\000h\000e\000\040\000W\000a\000r\000b\000u\000r\000g\000\040\000E\000f\000f\000e\000c\000t\000\040\000a\000s\000\040\000P\000a\000r\000t\000i\000t\000i\000o\000n\000\040\000R\000e\000c\000o\000n\000f\000i\000g\000u\000r\000a\000t\000i\000o\000n}{section.22.2}% 348
\BOOKMARK [1][-]{section.22.3}{\376\377\000N\000e\000u\000r\000o\000d\000e\000g\000e\000n\000e\000r\000a\000t\000i\000o\000n\000\040\000a\000s\000\040\000I\000o\000n\000-\000P\000a\000r\000t\000i\000t\000i\000o\000n\000\040\000C\000a\000s\000c\000a\000d\000e}{chapter.22}% 349
\BOOKMARK [2][-]{subsection.22.3.1}{\376\377\000T\000h\000e\000\040\000E\000n\000e\000r\000g\000e\000t\000i\000c\000\040\000C\000o\000n\000t\000e\000x\000t\000\040\000o\000f\000\040\000t\000h\000e\000\040\000N\000e\000u\000r\000o\000n}{section.22.3}% 350
\BOOKMARK [2][-]{subsection.22.3.2}{\376\377\000A\000l\000z\000h\000e\000i\000m\000e\000r\000'\000s\000\040\000D\000i\000s\000e\000a\000s\000e\000:\000\040\000P\000a\000r\000t\000i\000t\000i\000o\000n\000\040\000P\000r\000o\000p\000a\000g\000a\000t\000i\000o\000n\000\040\000o\000f\000\040\000A\000m\000y\000l\000o\000i\000d\000\040\000T\000o\000x\000i\000c\000i\000t\000y}{section.22.3}% 351
\BOOKMARK [1][-]{section.22.4}{\376\377\000A\000g\000i\000n\000g\000\040\000a\000s\000\040\000N\000u\000c\000l\000e\000a\000r\000\040\000P\000o\000r\000e\000\040\000C\000o\000m\000p\000l\000e\000x\000\040\000D\000e\000g\000r\000a\000d\000a\000t\000i\000o\000n}{chapter.22}% 352
\BOOKMARK [2][-]{subsection.22.4.1}{\376\377\000N\000P\000C\000\040\000H\000a\000l\000f\000-\000L\000i\000f\000e\000\040\000a\000n\000d\000\040\000E\000p\000i\000g\000e\000n\000e\000t\000i\000c\000\040\000M\000e\000m\000o\000r\000y}{section.22.4}% 353
\BOOKMARK [2][-]{subsection.22.4.2}{\376\377\000C\000o\000n\000n\000e\000c\000t\000i\000o\000n\000\040\000t\000o\000\040\000O\000t\000h\000e\000r\000\040\000N\000e\000u\000r\000o\000d\000e\000g\000e\000n\000e\000r\000a\000t\000i\000v\000e\000\040\000D\000i\000s\000e\000a\000s\000e\000s}{section.22.4}% 354
\BOOKMARK [1][-]{section.22.5}{\376\377\000T\000h\000e\000\040\000U\000n\000i\000f\000i\000e\000d\000\040\000P\000a\000t\000h\000o\000l\000o\000g\000y\000\040\000T\000h\000e\000o\000r\000e\000m}{chapter.22}% 355
\BOOKMARK [1][-]{section.22.6}{\376\377\000P\000a\000r\000t\000i\000t\000i\000o\000n\000-\000B\000a\000s\000e\000d\000\040\000T\000h\000e\000r\000a\000p\000e\000u\000t\000i\000c\000s}{chapter.22}% 356
\BOOKMARK [1][-]{section.22.7}{\376\377\000T\000h\000e\000\040\000H\000e\000a\000l\000t\000h\000\040\000A\000t\000t\000r\000a\000c\000t\000o\000r\000\040\000a\000n\000d\000\040\000D\000i\000s\000e\000a\000s\000e\000\040\000B\000a\000s\000i\000n\000s}{chapter.22}% 357
\BOOKMARK [0][-]{chapter.23}{\376\377\000C\000a\000t\000e\000g\000o\000r\000i\000c\000a\000l\000\040\000I\000m\000m\000u\000n\000o\000l\000o\000g\000y}{part.6}% 358
\BOOKMARK [1][-]{section.23.1}{\376\377\000F\000r\000o\000m\000\040\000M\000o\000l\000e\000c\000u\000l\000a\000r\000\040\000R\000e\000c\000o\000g\000n\000i\000t\000i\000o\000n\000\040\000t\000o\000\040\000C\000a\000t\000e\000g\000o\000r\000i\000c\000a\000l\000\040\000F\000i\000l\000t\000e\000r\000i\000n\000g}{chapter.23}% 359
\BOOKMARK [1][-]{section.23.2}{\376\377\000C\000a\000t\000e\000g\000o\000r\000i\000c\000a\000l\000\040\000R\000i\000c\000h\000n\000e\000s\000s\000:\000\040\000D\000e\000f\000i\000n\000i\000t\000i\000o\000n\000\040\000a\000n\000d\000\040\000P\000r\000o\000p\000e\000r\000t\000i\000e\000s}{chapter.23}% 360
\BOOKMARK [1][-]{section.23.3}{\376\377\000M\000H\000C\000\040\000M\000o\000l\000e\000c\000u\000l\000e\000s\000\040\000a\000s\000\040\000D\000e\000s\000i\000g\000n\000e\000d\000\040\000A\000m\000b\000i\000g\000u\000o\000u\000s\000\040\000F\000i\000l\000t\000e\000r\000s}{chapter.23}% 361
\BOOKMARK [2][-]{subsection.23.3.1}{\376\377\000T\000h\000e\000\040\000S\000t\000a\000n\000d\000a\000r\000d\000\040\000D\000e\000s\000c\000r\000i\000p\000t\000i\000o\000n\000\040\000a\000n\000d\000\040\000I\000t\000s\000\040\000L\000i\000m\000i\000t\000a\000t\000i\000o\000n}{section.23.3}% 362
\BOOKMARK [1][-]{section.23.4}{\376\377\000S\000e\000l\000f\000/\000N\000o\000n\000-\000S\000e\000l\000f\000\040\000D\000i\000s\000c\000r\000i\000m\000i\000n\000a\000t\000i\000o\000n\000\040\000a\000s\000\040\000R\000i\000c\000h\000n\000e\000s\000s\000\040\000T\000h\000r\000e\000s\000h\000o\000l\000d\000i\000n\000g}{chapter.23}% 363
\BOOKMARK [1][-]{section.23.5}{\376\377\000V\000D\000J\000\040\000R\000e\000c\000o\000m\000b\000i\000n\000a\000t\000i\000o\000n\000\040\000a\000s\000\040\000a\000\040\0003\000k\000\040\000C\000a\000t\000e\000g\000o\000r\000i\000c\000a\000l\000\040\000C\000a\000s\000c\000a\000d\000e}{chapter.23}% 364
\BOOKMARK [2][-]{subsection.23.5.1}{\376\377\000T\000h\000e\000\040\000C\000o\000m\000b\000i\000n\000a\000t\000o\000r\000i\000a\000l\000\040\000A\000r\000i\000t\000h\000m\000e\000t\000i\000c}{section.23.5}% 365
\BOOKMARK [2][-]{subsection.23.5.2}{\376\377\000V\000D\000J\000\040\000R\000e\000c\000o\000m\000b\000i\000n\000a\000t\000i\000o\000n\000\040\000a\000s\000\040\000a\000\040\000T\000e\000r\000n\000a\000r\000y\000\040\000P\000r\000o\000c\000e\000s\000s}{section.23.5}% 366
\BOOKMARK [1][-]{section.23.6}{\376\377\000T\000h\000e\000\040\000I\000m\000m\000u\000n\000e\000\040\000C\000a\000s\000c\000a\000d\000e\000\040\000a\000s\000\040\000C\000a\000t\000e\000g\000o\000r\000i\000c\000a\000l\000\040\000F\000i\000l\000t\000e\000r\000\040\000S\000e\000q\000u\000e\000n\000c\000e}{chapter.23}% 367
\BOOKMARK [1][-]{section.23.7}{\376\377\000M\000H\000C\000\040\000B\000i\000n\000d\000i\000n\000g\000\040\000P\000r\000e\000d\000i\000c\000t\000i\000o\000n\000\040\000a\000n\000d\000\040\000T\000h\000e\000r\000a\000p\000e\000u\000t\000i\000c\000\040\000I\000m\000p\000l\000i\000c\000a\000t\000i\000o\000n\000s}{chapter.23}% 368
\BOOKMARK [2][-]{subsection.23.7.1}{\376\377\000P\000r\000e\000d\000i\000c\000t\000i\000n\000g\000\040\000I\000m\000m\000u\000n\000o\000g\000e\000n\000i\000c\000i\000t\000y\000\040\000f\000r\000o\000m\000\040\000C\000a\000t\000e\000g\000o\000r\000i\000c\000a\000l\000\040\000R\000i\000c\000h\000n\000e\000s\000s}{section.23.7}% 369
\BOOKMARK [2][-]{subsection.23.7.2}{\376\377\000V\000a\000c\000c\000i\000n\000e\000\040\000D\000e\000s\000i\000g\000n\000\040\000I\000m\000p\000l\000i\000c\000a\000t\000i\000o\000n\000s}{section.23.7}% 370
\BOOKMARK [1][-]{section.23.8}{\376\377\000C\000o\000m\000p\000l\000e\000m\000e\000n\000t\000\040\000a\000n\000d\000\040\000t\000h\000e\000\040\000C\000a\000t\000e\000g\000o\000r\000i\000c\000a\000l\000\040\000O\000p\000s\000o\000n\000i\000s\000a\000t\000i\000o\000n\000\040\000C\000a\000s\000c\000a\000d\000e}{chapter.23}% 371
\BOOKMARK [1][-]{section.23.9}{\376\377\000N\000a\000t\000u\000r\000a\000l\000\040\000K\000i\000l\000l\000e\000r\000\040\000C\000e\000l\000l\000s\000\040\000a\000n\000d\000\040\000R\000i\000c\000h\000n\000e\000s\000s\000-\000D\000e\000f\000i\000c\000i\000e\000n\000c\000y\000\040\000D\000e\000t\000e\000c\000t\000i\000o\000n}{chapter.23}% 372
\BOOKMARK [0][-]{chapter.24}{\376\377\000V\000i\000r\000a\000l\000\040\000M\000i\000m\000i\000c\000r\000y\000\040\000a\000n\000d\000\040\000C\000a\000t\000e\000g\000o\000r\000i\000c\000a\000l\000\040\000I\000m\000m\000u\000n\000e\000\040\000E\000v\000a\000s\000i\000o\000n}{part.6}% 373
\BOOKMARK [1][-]{section.24.1}{\376\377\000T\000h\000e\000\040\000V\000i\000r\000a\000l\000\040\000I\000m\000m\000u\000n\000e\000\040\000E\000v\000a\000s\000i\000o\000n\000\040\000P\000a\000r\000a\000d\000o\000x}{chapter.24}% 374
\BOOKMARK [1][-]{section.24.2}{\376\377\000Q\000u\000a\000n\000t\000i\000f\000y\000i\000n\000g\000\040\000V\000i\000r\000a\000l\000\040\000C\000a\000t\000e\000g\000o\000r\000i\000c\000a\000l\000\040\000R\000i\000c\000h\000n\000e\000s\000s}{chapter.24}% 375
\BOOKMARK [1][-]{section.24.3}{\376\377\000T\000h\000e\000\040\000M\000=\000\040\0002\000\040\000R\000e\000c\000o\000g\000n\000i\000t\000i\000o\000n\000\040\000T\000h\000e\000o\000r\000e\000m}{chapter.24}% 376
\BOOKMARK [1][-]{section.24.4}{\376\377\000C\000a\000s\000e\000\040\000S\000t\000u\000d\000i\000e\000s\000\040\000i\000n\000\040\000C\000a\000t\000e\000g\000o\000r\000i\000c\000a\000l\000\040\000I\000m\000m\000u\000n\000e\000\040\000E\000v\000a\000s\000i\000o\000n}{chapter.24}% 377
\BOOKMARK [2][-]{subsection.24.4.1}{\376\377\000H\000I\000V\000-\0001\000:\000\040\000M\000i\000n\000i\000m\000a\000l\000\040\000A\000s\000s\000e\000m\000b\000l\000y\000\040\000R\000i\000c\000h\000n\000e\000s\000s\000\040\000T\000r\000a\000n\000s\000i\000t\000i\000o\000n}{section.24.4}% 378
\BOOKMARK [2][-]{subsection.24.4.2}{\376\377\000S\000A\000R\000S\000-\000C\000o\000V\000-\0002\000:\000\040\000S\000p\000i\000k\000e\000\040\000P\000r\000o\000t\000e\000i\000n\000\040\000R\000i\000c\000h\000n\000e\000s\000s\000\040\000T\000u\000n\000i\000n\000g}{section.24.4}% 379
\BOOKMARK [1][-]{section.24.5}{\376\377\000P\000r\000i\000o\000n\000\040\000D\000i\000s\000e\000a\000s\000e\000s\000\040\000a\000s\000\040\000C\000a\000t\000e\000g\000o\000r\000i\000c\000a\000l\000\040\000S\000i\000m\000p\000l\000i\000f\000i\000c\000a\000t\000i\000o\000n}{chapter.24}% 380
\BOOKMARK [1][-]{section.24.6}{\376\377\000T\000h\000e\000\040\000V\000i\000r\000u\000s\000\040\000P\000a\000r\000a\000d\000o\000x\000\040\000R\000e\000v\000i\000s\000i\000t\000e\000d}{chapter.24}% 381
\BOOKMARK [1][-]{section.24.7}{\376\377\000I\000n\000n\000a\000t\000e\000\040\000I\000m\000m\000u\000n\000i\000t\000y\000\040\000a\000s\000\040\000C\000a\000t\000e\000g\000o\000r\000i\000c\000a\000l\000\040\000A\000n\000o\000m\000a\000l\000y\000\040\000D\000e\000t\000e\000c\000t\000i\000o\000n}{chapter.24}% 382
\BOOKMARK [1][-]{section.24.8}{\376\377\000I\000n\000t\000e\000g\000r\000a\000t\000e\000d\000\040\000M\000o\000d\000e\000l\000:\000\040\000T\000h\000e\000\040\000T\000h\000r\000e\000e\000-\000L\000a\000y\000e\000r\000\040\000E\000v\000a\000s\000i\000o\000n\000\040\000S\000t\000a\000c\000k}{chapter.24}% 383
\BOOKMARK [0][-]{chapter.25}{\376\377\000P\000h\000a\000r\000m\000a\000c\000e\000u\000t\000i\000c\000a\000l\000\040\000O\000s\000c\000i\000l\000l\000a\000t\000o\000r\000y\000\040\000R\000e\000s\000p\000o\000n\000s\000e}{part.6}% 384
\BOOKMARK [1][-]{section.25.1}{\376\377\000T\000h\000e\000\040\000P\000a\000r\000t\000i\000t\000i\000o\000n\000\040\000T\000o\000p\000o\000l\000o\000g\000y\000\040\000V\000i\000e\000w\000\040\000o\000f\000\040\000D\000r\000u\000g\000\040\000A\000c\000t\000i\000o\000n}{chapter.25}% 385
\BOOKMARK [1][-]{section.25.2}{\376\377\000T\000h\000e\000\040\000O\0002\040\023\000H\000+\000\040\000E\000l\000e\000c\000t\000r\000o\000m\000a\000g\000n\000e\000t\000i\000c\000\040\000C\000o\000u\000p\000l\000i\000n\000g\000\040\000F\000r\000a\000m\000e\000w\000o\000r\000k}{chapter.25}% 386
\BOOKMARK [2][-]{subsection.25.2.1}{\376\377\000O\0002\000\040\000Q\000u\000a\000n\000t\000u\000m\000\040\000S\000t\000a\000t\000e\000s\000\040\000a\000n\000d\000\040\000H\000+\000\040\000R\000e\000s\000o\000n\000a\000n\000c\000e}{section.25.2}% 387
\BOOKMARK [2][-]{subsection.25.2.2}{\376\377\000D\000r\000u\000g\000\040\000M\000o\000d\000u\000l\000a\000t\000i\000o\000n\000\040\000o\000f\000\040\000O\0002\040\023\000H\000+\000\040\000C\000o\000u\000p\000l\000i\000n\000g}{section.25.2}% 388
\BOOKMARK [1][-]{section.25.3}{\376\377\000D\000N\000A\000\040\000P\000a\000l\000i\000n\000d\000r\000o\000m\000e\000s\000\040\000a\000s\000\040\000P\000a\000r\000t\000i\000t\000i\000o\000n\000\040\000F\000i\000x\000e\000d\000\040\000P\000o\000i\000n\000t\000s}{chapter.25}% 389
\BOOKMARK [2][-]{subsection.25.3.1}{\376\377\000P\000a\000l\000i\000n\000d\000r\000o\000m\000e\000s\000\040\000i\000n\000\040\000t\000h\000e\000\040\000C\000a\000r\000d\000i\000n\000a\000l\000\040\000C\000o\000o\000r\000d\000i\000n\000a\000t\000e\000\040\000S\000y\000s\000t\000e\000m}{section.25.3}% 390
\BOOKMARK [2][-]{subsection.25.3.2}{\376\377\000R\000e\000s\000t\000r\000i\000c\000t\000i\000o\000n\000\040\000E\000n\000z\000y\000m\000e\000\040\000S\000i\000t\000e\000s\000\040\000a\000s\000\040\000P\000a\000l\000i\000n\000d\000r\000o\000m\000e\000\040\000P\000a\000r\000t\000i\000t\000i\000o\000n\000\040\000S\000e\000l\000e\000c\000t\000i\000o\000n}{section.25.3}% 391
\BOOKMARK [1][-]{section.25.4}{\376\377\000P\000a\000r\000t\000i\000t\000i\000o\000n\000-\000D\000e\000p\000t\000h\000\040\000P\000h\000a\000r\000m\000a\000c\000o\000l\000o\000g\000y\000:\000\040\000A\000\040\000P\000r\000e\000d\000i\000c\000t\000i\000v\000e\000\040\000F\000r\000a\000m\000e\000w\000o\000r\000k}{chapter.25}% 392
\BOOKMARK [1][-]{section.25.5}{\376\377\000T\000h\000e\000\040\000G\000e\000n\000o\000m\000e\000\040\000P\000a\000r\000s\000e\000r}{chapter.25}% 393
\BOOKMARK [1][-]{section.25.6}{\376\377\000C\000a\000s\000e\000\040\000S\000t\000u\000d\000i\000e\000s\000\040\000i\000n\000\040\000P\000a\000r\000t\000i\000t\000i\000o\000n\000-\000D\000e\000p\000t\000h\000\040\000P\000h\000a\000r\000m\000a\000c\000o\000l\000o\000g\000y}{chapter.25}% 394
\BOOKMARK [2][-]{subsection.25.6.1}{\376\377\000C\000a\000s\000e\000\040\000S\000t\000u\000d\000y\000\040\0001\000:\000\040\000W\000a\000r\000f\000a\000r\000i\000n\000\040\000a\000n\000d\000\040\000P\000a\000r\000t\000i\000t\000i\000o\000n\000\040\000T\000o\000p\000o\000l\000o\000g\000y\000\040\000o\000f\000\040\000V\000i\000t\000a\000m\000i\000n\000\040\000K\000\040\000R\000e\000c\000y\000c\000l\000i\000n\000g}{section.25.6}% 395
\BOOKMARK [2][-]{subsection.25.6.2}{\376\377\000C\000a\000s\000e\000\040\000S\000t\000u\000d\000y\000\040\0002\000:\000\040\000C\000l\000o\000p\000i\000d\000o\000g\000r\000e\000l\000\040\000a\000n\000d\000\040\000C\000Y\000P\0002\000C\0001\0009\000\040\000P\000a\000r\000t\000i\000t\000i\000o\000n\000\040\000C\000o\000l\000l\000a\000p\000s\000e}{section.25.6}% 396
\BOOKMARK [2][-]{subsection.25.6.3}{\376\377\000C\000a\000s\000e\000\040\000S\000t\000u\000d\000y\000\040\0003\000:\000\040\000M\000e\000t\000f\000o\000r\000m\000i\000n\000\040\000a\000n\000d\000\040\000C\000o\000m\000p\000l\000e\000x\000\040\000I\000\040\000P\000a\000r\000t\000i\000t\000i\000o\000n\000\040\000D\000e\000p\000t\000h}{section.25.6}% 397
\BOOKMARK [1][-]{section.25.7}{\376\377\000P\000a\000r\000t\000i\000t\000i\000o\000n\000-\000S\000p\000e\000c\000i\000f\000i\000c\000\040\000D\000r\000u\000g\000\040\000D\000e\000s\000i\000g\000n}{chapter.25}% 398
\BOOKMARK [1][-]{section.25.8}{\376\377\000P\000h\000a\000r\000m\000a\000c\000o\000g\000e\000n\000o\000m\000i\000c\000\040\000P\000o\000p\000u\000l\000a\000t\000i\000o\000n\000\040\000S\000t\000r\000a\000t\000i\000f\000i\000c\000a\000t\000i\000o\000n}{chapter.25}% 399
\BOOKMARK [-1][-]{part.7}{\376\377\000V\000I\000I\000\040\000S\000e\000q\000u\000e\000n\000c\000e\000s\000\040\000a\000s\000\040\000W\000a\000v\000e\000s}{}% 400
\BOOKMARK [0][-]{chapter.26}{\376\377\000T\000h\000e\000\040\000F\000r\000a\000g\000m\000e\000n\000t\000-\000S\000h\000a\000d\000e\000r\000\040\000S\000p\000e\000c\000t\000r\000o\000m\000e\000t\000e\000r}{part.7}% 401
\BOOKMARK [1][-]{section.26.1}{\376\377\000T\000h\000e\000\040\000O\000b\000s\000e\000r\000v\000a\000t\000i\000o\000n\000-\000C\000o\000m\000p\000u\000t\000a\000t\000i\000o\000n\000\040\000I\000d\000e\000n\000t\000i\000t\000y}{chapter.26}% 402
\BOOKMARK [1][-]{section.26.2}{\376\377\000S\000p\000e\000c\000t\000r\000a\000l\000\040\000E\000m\000b\000e\000d\000d\000i\000n\000g\000\040\000o\000f\000\040\000N\000u\000c\000l\000e\000o\000t\000i\000d\000e\000\040\000S\000e\000q\000u\000e\000n\000c\000e\000s}{chapter.26}% 403
\BOOKMARK [1][-]{section.26.3}{\376\377\000T\000h\000e\000\040\000F\000r\000a\000g\000m\000e\000n\000t\000\040\000S\000h\000a\000d\000e\000r\000\040\000a\000s\000\040\000a\000\040\000P\000h\000y\000s\000i\000c\000a\000l\000\040\000S\000p\000e\000c\000t\000r\000o\000m\000e\000t\000e\000r}{chapter.26}% 404
\BOOKMARK [1][-]{section.26.4}{\376\377\000T\000h\000e\000\040\000H\000i\000e\000r\000a\000r\000c\000h\000i\000c\000a\000l\000\040\000S\000p\000e\000c\000t\000r\000a\000l\000\040\000A\000d\000d\000r\000e\000s\000s}{chapter.26}% 405
\BOOKMARK [1][-]{section.26.5}{\376\377\000T\000h\000e\000\040\000E\000m\000p\000t\000y\000\040\000D\000i\000c\000t\000i\000o\000n\000a\000r\000y\000\040\000P\000r\000i\000n\000c\000i\000p\000l\000e\000\040\000i\000n\000\040\000F\000r\000e\000q\000u\000e\000n\000c\000y\000\040\000S\000p\000a\000c\000e}{chapter.26}% 406
\BOOKMARK [1][-]{section.26.6}{\376\377\000C\000o\000n\000n\000e\000c\000t\000i\000o\000n\000\040\000t\000o\000\040\000t\000h\000e\000\040\000P\000h\000y\000s\000i\000c\000a\000l\000\040\000S\000p\000e\000c\000t\000r\000o\000m\000e\000t\000e\000r\000:\000\040\000A\000\040\000F\000o\000r\000m\000a\000l\000\040\000I\000d\000e\000n\000t\000i\000f\000i\000c\000a\000t\000i\000o\000n}{chapter.26}% 407
\BOOKMARK [1][-]{section.26.7}{\376\377\000V\000a\000l\000i\000d\000a\000t\000e\000d\000\040\000P\000e\000r\000f\000o\000r\000m\000a\000n\000c\000e}{chapter.26}% 408
\BOOKMARK [1][-]{section.26.8}{\376\377\000F\000r\000o\000m\000\040\000S\000p\000e\000c\000t\000r\000o\000m\000e\000t\000e\000r\000\040\000t\000o\000\040\000C\000a\000t\000e\000g\000o\000r\000y\000:\000\040\000T\000h\000e\000\040\000F\000r\000e\000q\000u\000e\000n\000c\000y\000\040\000F\000u\000n\000c\000t\000o\000r}{chapter.26}% 409
\BOOKMARK [1][-]{section.26.9}{\376\377\000P\000r\000o\000o\000f\000\040\000o\000f\000\040\000O\000p\000t\000i\000m\000a\000l\000i\000t\000y\000\040\000o\000f\000\040\000t\000h\000e\000\040\000C\000o\000s\000i\000n\000e\000\040\000K\000e\000r\000n\000e\000l}{chapter.26}% 410
\BOOKMARK [0][-]{chapter.27}{\376\377\000D\000N\000A\000\040\000M\000a\000t\000c\000h\000i\000n\000g\000\040\000a\000s\000\040\000W\000a\000v\000e\000\040\000I\000n\000t\000e\000r\000f\000e\000r\000e\000n\000c\000e}{part.7}% 411
\BOOKMARK [1][-]{section.27.1}{\376\377\000T\000h\000e\000\040\000W\000a\000v\000e\000\040\000I\000d\000e\000n\000t\000i\000t\000y\000\040\000f\000o\000r\000\040\000S\000e\000q\000u\000e\000n\000c\000e\000\040\000M\000a\000t\000c\000h\000i\000n\000g}{chapter.27}% 412
\BOOKMARK [1][-]{section.27.2}{\376\377\000T\000h\000e\000\040\000M\000a\000t\000c\000h\000e\000d\000\040\000F\000i\000l\000t\000e\000r\000\040\000C\000r\000o\000s\000s\000-\000C\000o\000r\000r\000e\000l\000a\000t\000i\000o\000n}{chapter.27}% 413
\BOOKMARK [1][-]{section.27.3}{\376\377\000P\000h\000a\000s\000e\000-\000P\000r\000e\000s\000e\000r\000v\000i\000n\000g\000\040\000v\000s\000.\000\040\000M\000a\000g\000n\000i\000t\000u\000d\000e\000-\000O\000n\000l\000y\000\040\000A\000n\000a\000l\000y\000s\000i\000s}{chapter.27}% 414
\BOOKMARK [1][-]{section.27.4}{\376\377\000S\000t\000a\000t\000i\000s\000t\000i\000c\000a\000l\000\040\000C\000a\000l\000i\000b\000r\000a\000t\000i\000o\000n\000\040\000v\000i\000a\000\040\000z\000-\000S\000c\000o\000r\000e}{chapter.27}% 415
\BOOKMARK [1][-]{section.27.5}{\376\377\000M\000u\000l\000t\000i\000-\000C\000h\000a\000n\000n\000e\000l\000\040\000A\000n\000a\000l\000y\000s\000i\000s\000\040\000a\000n\000d\000\040\000P\000r\000o\000t\000e\000i\000n\000\040\000E\000x\000t\000e\000n\000s\000i\000o\000n}{chapter.27}% 416
\BOOKMARK [1][-]{section.27.6}{\376\377\000T\000h\000e\000\040\000P\000l\000a\000n\000t\000e\000d\000\040\000M\000o\000t\000i\000f\000\040\000V\000a\000l\000i\000d\000a\000t\000i\000o\000n}{chapter.27}% 417
\BOOKMARK [1][-]{section.27.7}{\376\377\000V\000a\000l\000i\000d\000a\000t\000e\000d\000\040\000P\000e\000r\000f\000o\000r\000m\000a\000n\000c\000e\000\040\000a\000t\000\040\000A\000l\000l\000\040\000M\000u\000t\000a\000t\000i\000o\000n\000\040\000R\000a\000t\000e\000s}{chapter.27}% 418
\BOOKMARK [1][-]{section.27.8}{\376\377\000C\000o\000n\000s\000t\000r\000u\000c\000t\000i\000v\000e\000\040\000a\000n\000d\000\040\000D\000e\000s\000t\000r\000u\000c\000t\000i\000v\000e\000\040\000I\000n\000t\000e\000r\000f\000e\000r\000e\000n\000c\000e\000:\000\040\000T\000h\000e\000\040\000P\000a\000r\000t\000i\000t\000i\000o\000n\000\040\000I\000n\000t\000e\000r\000p\000r\000e\000t\000a\000t\000i\000o\000n}{chapter.27}% 419
\BOOKMARK [1][-]{section.27.9}{\376\377\000C\000o\000n\000n\000e\000c\000t\000i\000o\000n\000\040\000t\000o\000\040\000O\000p\000t\000i\000c\000a\000l\000\040\000I\000n\000t\000e\000r\000f\000e\000r\000e\000n\000c\000e}{chapter.27}% 420
\BOOKMARK [1][-]{section.27.10}{\376\377\000S\000c\000a\000l\000i\000n\000g\000\040\000a\000n\000d\000\040\000I\000m\000p\000l\000e\000m\000e\000n\000t\000a\000t\000i\000o\000n}{chapter.27}% 421
\BOOKMARK [1][-]{section.27.11}{\376\377\000T\000h\000e\000\040\000I\000n\000t\000e\000r\000f\000e\000r\000e\000n\000c\000e\000\040\000P\000a\000t\000t\000e\000r\000n\000\040\000a\000s\000\040\000a\000\040\000P\000a\000r\000t\000i\000t\000i\000o\000n\000\040\000M\000a\000p}{chapter.27}% 422
\BOOKMARK [0][-]{chapter.28}{\376\377\000T\000h\000e\000\040\000C\000o\000m\000p\000u\000t\000a\000t\000i\000o\000n\000a\000l\000\040\000G\000e\000n\000o\000m\000e\000:\000\040\000A\000\040\000S\000y\000n\000t\000h\000e\000s\000i\000s}{part.7}% 423
\BOOKMARK [1][-]{section.28.1}{\376\377\000T\000h\000r\000e\000e\000\040\000I\000d\000e\000n\000t\000i\000t\000i\000e\000s\000\040\000T\000h\000a\000t\000\040\000C\000l\000o\000s\000e\000\040\000t\000h\000e\000\040\000M\000o\000n\000o\000g\000r\000a\000p\000h}{chapter.28}% 424
\BOOKMARK [2][-]{subsection.28.1.1}{\376\377\000I\000d\000e\000n\000t\000i\000t\000y\000\040\000I\000:\000\040\000S\000e\000q\000u\000e\000n\000c\000e\000s\000\040\000A\000R\000E\000\040\000O\000s\000c\000i\000l\000l\000a\000t\000i\000o\000n\000s}{section.28.1}% 425
\BOOKMARK [2][-]{subsection.28.1.2}{\376\377\000I\000d\000e\000n\000t\000i\000t\000y\000\040\000I\000I\000:\000\040\000E\000m\000p\000t\000y\000\040\000D\000i\000c\000t\000i\000o\000n\000a\000r\000y\000\040\000S\000e\000a\000r\000c\000h\000\040\000I\000S\000\040\000C\000a\000t\000e\000g\000o\000r\000i\000c\000a\000l\000\040\000C\000o\000m\000p\000l\000e\000t\000i\000o\000n\000\040\000i\000n\000\040\000S\000-\000S\000p\000a\000c\000e}{section.28.1}% 426
\BOOKMARK [2][-]{subsection.28.1.3}{\376\377\000I\000d\000e\000n\000t\000i\000t\000y\000\040\000I\000I\000I\000:\000\040\000M\000a\000t\000c\000h\000e\000d\000\040\000F\000i\000l\000t\000e\000r\000\040\000I\000n\000t\000e\000r\000f\000e\000r\000e\000n\000c\000e\000\040\000I\000S\000\040\000P\000a\000r\000t\000i\000t\000i\000o\000n\000\040\000B\000o\000u\000n\000d\000a\000r\000y\000\040\000D\000e\000t\000e\000c\000t\000i\000o\000n}{section.28.1}% 427
\BOOKMARK [1][-]{section.28.2}{\376\377\000T\000h\000e\000\040\000F\000u\000l\000l\000\040\000A\000r\000c\000:\000\040\000F\000r\000o\000m\000\040\000T\000w\000o\000\040\000A\000x\000i\000o\000m\000s\000\040\000t\000o\000\040\000t\000h\000e\000\040\000C\000o\000m\000p\000u\000t\000a\000t\000i\000o\000n\000a\000l\000\040\000G\000e\000n\000o\000m\000e}{chapter.28}% 428
\BOOKMARK [1][-]{section.28.3}{\376\377\000N\000e\000w\000\040\000C\000o\000n\000n\000e\000c\000t\000i\000o\000n\000s\000:\000\040\000W\000h\000a\000t\000\040\000C\000o\000u\000l\000d\000\040\000N\000o\000t\000\040\000B\000e\000\040\000S\000e\000e\000n\000\040\000U\000n\000t\000i\000l\000\040\000N\000o\000w}{chapter.28}% 429
\BOOKMARK [2][-]{subsection.28.3.1}{\376\377\000T\000h\000e\000\040\000G\000e\000n\000o\000m\000e\000\040\000i\000s\000\040\000a\000\040\000S\000e\000l\000f\000-\000R\000e\000a\000d\000i\000n\000g\000\040\000S\000p\000e\000c\000t\000r\000o\000m\000e\000t\000e\000r}{section.28.3}% 430
\BOOKMARK [2][-]{subsection.28.3.2}{\376\377\000M\000a\000x\000w\000e\000l\000l\000'\000s\000\040\000D\000e\000m\000o\000n\000\040\000i\000s\000\040\000t\000h\000e\000\040\000R\000i\000b\000o\000s\000o\000m\000e}{section.28.3}% 431
\BOOKMARK [2][-]{subsection.28.3.3}{\376\377\000C\000a\000n\000c\000e\000r\000\040\000i\000s\000\040\000a\000\040\000P\000h\000a\000s\000e\000\040\000T\000r\000a\000n\000s\000i\000t\000i\000o\000n\000\040\000i\000n\000\040\000S\000-\000S\000p\000a\000c\000e}{section.28.3}% 432
\BOOKMARK [1][-]{section.28.4}{\376\377\000W\000h\000a\000t\000\040\000t\000h\000e\000\040\000F\000r\000a\000m\000e\000w\000o\000r\000k\000\040\000D\000o\000e\000s\000\040\000N\000o\000t\000\040\000E\000x\000p\000l\000a\000i\000n}{chapter.28}% 433
\BOOKMARK [1][-]{section.28.5}{\376\377\000O\000p\000e\000n\000\040\000P\000r\000o\000b\000l\000e\000m\000s}{chapter.28}% 434
\BOOKMARK [1][-]{section.28.6}{\376\377\000T\000h\000e\000\040\000T\000w\000o\000\040\000A\000x\000i\000o\000m\000s\000\040\000a\000n\000d\000\040\000W\000h\000a\000t\000\040\000T\000h\000e\000y\000\040\000B\000u\000y}{chapter.28}% 435
\BOOKMARK [1][-]{section.28.7}{\376\377\000T\000h\000e\000\040\000C\000o\000m\000p\000u\000t\000a\000t\000i\000o\000n\000a\000l\000\040\000G\000e\000n\000o\000m\000e}{chapter.28}% 436
\BOOKMARK [1][-]{section.28.8}{\376\377\000C\000o\000n\000c\000l\000u\000s\000i\000o\000n}{chapter.28}% 437
\BOOKMARK [0][-]{appendix*.26}{\376\377\000A\000p\000p\000e\000n\000d\000i\000x\000\040\000A\000:\000\040\000M\000a\000t\000h\000e\000m\000a\000t\000i\000c\000a\000l\000\040\000P\000r\000e\000r\000e\000q\000u\000i\000s\000i\000t\000e\000s}{part.7}% 438
\BOOKMARK [1][-]{section*.27}{\376\377\000A\000.\0001\000\040\000C\000a\000t\000e\000g\000o\000r\000y\000\040\000T\000h\000e\000o\000r\000y}{appendix*.26}% 439
\BOOKMARK [1][-]{theorem.Alph0.8}{\376\377\000A\000.\0002\000\040\000M\000e\000a\000s\000u\000r\000e\000\040\000T\000h\000e\000o\000r\000y}{appendix*.26}% 440
\BOOKMARK [1][-]{theorem.Alph0.12}{\376\377\000A\000.\0003\000\040\000F\000o\000u\000r\000i\000e\000r\000\040\000A\000n\000a\000l\000y\000s\000i\000s}{appendix*.26}% 441
\BOOKMARK [1][-]{equation.Alph0.5}{\376\377\000A\000.\0004\000\040\000I\000n\000f\000o\000r\000m\000a\000t\000i\000o\000n\000\040\000T\000h\000e\000o\000r\000y}{appendix*.26}% 442
\BOOKMARK [0][-]{appendix*.28}{\376\377\000A\000p\000p\000e\000n\000d\000i\000x\000\040\000B\000:\000\040\000V\000a\000l\000i\000d\000a\000t\000i\000o\000n\000\040\000T\000a\000b\000l\000e\000s}{part.7}% 443
\BOOKMARK [1][-]{section*.29}{\376\377\000B\000.\0001\000\040\000E\000n\000z\000y\000m\000e\000\040\000K\000i\000n\000e\000t\000i\000c\000s}{appendix*.28}% 444
\BOOKMARK [1][-]{table.Alph0.1}{\376\377\000B\000.\0002\000\040\000C\000-\000V\000a\000l\000u\000e\000\040\000P\000r\000e\000d\000i\000c\000t\000i\000o\000n\000s}{appendix*.28}% 445
\BOOKMARK [1][-]{table.Alph0.2}{\376\377\000B\000.\0003\000\040\000S\000p\000e\000c\000t\000r\000a\000l\000\040\000H\000o\000m\000o\000l\000o\000g\000y\000\040\000A\000U\000C}{appendix*.28}% 446
\BOOKMARK [1][-]{table.caption.30}{\376\377\000B\000.\0004\000\040\000I\000n\000t\000e\000r\000f\000e\000r\000e\000n\000c\000e\000\040\000D\000e\000t\000e\000c\000t\000i\000o\000n}{appendix*.28}% 447
\BOOKMARK [1][-]{table.caption.32}{\376\377\000B\000.\0005\000\040\000C\000a\000n\000c\000e\000r\000\040\000S\000u\000p\000p\000r\000e\000s\000s\000i\000o\000n}{appendix*.28}% 448
\BOOKMARK [1][-]{table.caption.33}{\376\377\000B\000.\0006\000\040\000I\000m\000m\000u\000n\000o\000l\000o\000g\000i\000c\000a\000l\000\040\000C\000o\000m\000p\000a\000r\000i\000s\000o\000n}{appendix*.28}% 449
\BOOKMARK [1][-]{table.caption.34}{\376\377\000B\000.\0007\000\040\000M\000e\000t\000a\000b\000o\000l\000i\000c\000\040\000I\000n\000f\000o\000r\000m\000a\000t\000i\000o\000n\000\040\000F\000l\000u\000x}{appendix*.28}% 450
\BOOKMARK [0][-]{appendix*.36}{\376\377\000A\000p\000p\000e\000n\000d\000i\000x\000\040\000C\000:\000\040\000S\000o\000f\000t\000w\000a\000r\000e\000\040\000I\000m\000p\000l\000e\000m\000e\000n\000t\000a\000t\000i\000o\000n\000s}{part.7}% 451
\BOOKMARK [1][-]{section*.37}{\376\377\000C\000.\0001\000\040\000P\000a\000r\000t\000i\000t\000i\000o\000n\000\040\000S\000y\000n\000t\000h\000e\000s\000i\000s\000\040\000L\000a\000n\000g\000u\000a\000g\000e}{appendix*.36}% 452
\BOOKMARK [1][-]{ALG@line.4}{\376\377\000C\000.\0002\000\040\000W\000e\000b\000G\000L\000\040\000F\000r\000a\000g\000m\000e\000n\000t\000\040\000S\000h\000a\000d\000e\000r}{appendix*.36}% 453
\BOOKMARK [1][-]{Item.435}{\376\377\000C\000.\0003\000\040\000M\000a\000t\000c\000h\000e\000d\000\040\000F\000i\000l\000t\000e\000r\000\040\000L\000i\000b\000r\000a\000r\000y}{appendix*.36}% 454
\BOOKMARK [1][-]{table.caption.38}{\376\377\000C\000.\0004\000\040\000C\000a\000r\000d\000i\000n\000a\000l\000\040\000E\000m\000b\000e\000d\000d\000i\000n\000g}{appendix*.36}% 455
